order_id,item_id,product_id,quantity,list_price,discount,Extraction_Date,source,extracted_at,data_source
1.0,2,b'8',2,1799.99,0.07,1714563465.450598,SQL-Server,2025-12-01T00:39:48.005986+00:00,MySQL:order_items
1.0,5,b'4',1,2899.99,0.2,1714563465.450598,SQL-Server,2025-12-01T00:39:48.005986+00:00,MySQL:order_items
3.0,1,b'3',1,999.99,0.05,1714563465.450598,SQL-Server,2025-12-01T00:39:48.005986+00:00,MySQL:order_items
4.0,1,b'2',2,749.99,0.1,1714563465.450598,SQL-Server,2025-12-01T00:39:48.005986+00:00,MySQL:order_items
3.0,1,b'3',1,999.99,0.05,1714563465.450598,SQL-Server,2025-12-01T00:39:48.005986+00:00,MySQL:order_items
6.0,4,b'3',2,999.99,0.07,1714563465.450598,SQL-Server,2025-12-01T00:39:48.005986+00:00,MySQL:order_items
6.0,5,b'9',2,2999.99,0.07,1714563465.450598,SQL-Server,2025-12-01T00:39:48.005986+00:00,MySQL:order_items
7.0,2,b'3',1,999.99,0.1,1714563465.450598,SQL-Server,2025-12-01T00:39:48.005986+00:00,MySQL:order_items
6.0,5,b'9',2,2999.99,0.07,1714563465.450598,SQL-Server,2025-12-01T00:39:48.005986+00:00,MySQL:order_items
7.0,2,b'3',1,999.99,0.1,1714563465.450598,SQL-Server,2025-12-01T00:39:48.005986+00:00,MySQL:order_items
9.0,1,b'7',2,3999.99,0.1,1714563465.450598,SQL-Server,2025-12-01T00:39:48.005986+00:00,MySQL:order_items
11.0,1,b'8',1,1799.99,0.05,1714563465.450598,SQL-Server,2025-12-01T00:39:48.005986+00:00,MySQL:order_items
12.0,1,b'4',2,2899.99,0.1,1714563465.450598,SQL-Server,2025-12-01T00:39:48.005986+00:00,MySQL:order_items
14.0,1,b'6',1,469.99,0.07,1714563465.450598,SQL-Server,2025-12-01T00:39:48.005986+00:00,MySQL:order_items
15.0,2,b'8',1,1799.99,0.07,1714563465.450598,SQL-Server,2025-12-01T00:39:48.005986+00:00,MySQL:order_items
16.0,1,b'8',1,1799.99,0.2,1714563465.450598,SQL-Server,2025-12-01T00:39:48.005986+00:00,MySQL:order_items
17.0,1,b'8',1,1799.99,0.07,1714563465.450598,SQL-Server,2025-12-01T00:39:48.005986+00:00,MySQL:order_items
17.0,3,b'5',1,1320.99,0.1,1714563465.450598,SQL-Server,2025-12-01T00:39:48.005986+00:00,MySQL:order_items
18.0,1,b'2',2,749.99,0.2,1714563465.450598,SQL-Server,2025-12-01T00:39:48.005986+00:00,MySQL:order_items
18.0,3,b'7',1,3999.99,0.1,1714563465.450598,SQL-Server,2025-12-01T00:39:48.005986+00:00,MySQL:order_items
18.0,5,b'9',2,2999.99,0.1,1714563465.450598,SQL-Server,2025-12-01T00:39:48.005986+00:00,MySQL:order_items
19.0,2,b'9',2,2999.99,0.2,1714563465.450598,SQL-Server,2025-12-01T00:39:48.005986+00:00,MySQL:order_items
20.0,1,b'9',1,2999.99,0.07,1714563465.450598,SQL-Server,2025-12-01T00:39:48.005986+00:00,MySQL:order_items
23.0,1,b'4',2,2899.99,0.05,1714563465.450598,SQL-Server,2025-12-01T00:39:48.005986+00:00,MySQL:order_items
24.0,1,b'3',2,999.99,0.1,1714563465.450598,SQL-Server,2025-12-01T00:39:48.005986+00:00,MySQL:order_items
26.0,1,b'7',1,3999.99,0.05,1714563465.450598,SQL-Server,2025-12-01T00:39:48.005986+00:00,MySQL:order_items
26.0,2,b'2',1,749.99,0.2,1714563465.450598,SQL-Server,2025-12-01T00:39:48.005986+00:00,MySQL:order_items
27.0,1,b'5',1,1320.99,0.2,1714563465.450598,SQL-Server,2025-12-01T00:39:48.005986+00:00,MySQL:order_items
27.0,4,b'8',1,1799.99,0.07,1714563465.450598,SQL-Server,2025-12-01T00:39:48.005986+00:00,MySQL:order_items
28.0,1,b'5',1,1320.99,0.05,1714563465.450598,SQL-Server,2025-12-01T00:39:48.005986+00:00,MySQL:order_items
28.0,2,b'7',2,3999.99,0.2,1714563465.450598,SQL-Server,2025-12-01T00:39:48.005986+00:00,MySQL:order_items
28.0,4,b'6',1,469.99,0.05,1714563465.450598,SQL-Server,2025-12-01T00:39:48.005986+00:00,MySQL:order_items
29.0,2,b'6',1,469.99,0.2,1714563465.450598,SQL-Server,2025-12-01T00:39:48.005986+00:00,MySQL:order_items
29.0,4,b'8',1,1799.99,0.2,1714563465.450598,SQL-Server,2025-12-01T00:39:48.005986+00:00,MySQL:order_items
30.0,4,b'4',1,2899.99,0.1,1714563465.450598,SQL-Server,2025-12-01T00:39:48.005986+00:00,MySQL:order_items
30.0,5,b'7',2,3999.99,0.1,1714563465.450598,SQL-Server,2025-12-01T00:39:48.005986+00:00,MySQL:order_items
31.0,2,b'9',2,2999.99,0.2,1714563465.450598,SQL-Server,2025-12-01T00:39:48.005986+00:00,MySQL:order_items
32.0,1,b'8',2,1799.99,0.07,1714563465.450598,SQL-Server,2025-12-01T00:39:48.005986+00:00,MySQL:order_items
33.0,2,b'7',1,3999.99,0.1,1714563465.450598,SQL-Server,2025-12-01T00:39:48.005986+00:00,MySQL:order_items
34.0,1,b'8',2,1799.99,0.07,1714563465.450598,SQL-Server,2025-12-01T00:39:48.005986+00:00,MySQL:order_items
35.0,3,b'5',1,1320.99,0.2,1714563465.450598,SQL-Server,2025-12-01T00:39:48.005986+00:00,MySQL:order_items
36.0,1,b'9',1,2999.99,0.07,1714563465.450598,SQL-Server,2025-12-01T00:39:48.005986+00:00,MySQL:order_items
36.0,2,b'5',1,1320.99,0.05,1714563465.450598,SQL-Server,2025-12-01T00:39:48.005986+00:00,MySQL:order_items
36.0,3,b'3',2,999.99,0.2,1714563465.450598,SQL-Server,2025-12-01T00:39:48.005986+00:00,MySQL:order_items
38.0,1,b'7',2,3999.99,0.05,1714563465.450598,SQL-Server,2025-12-01T00:39:48.005986+00:00,MySQL:order_items
39.0,3,b'3',2,999.99,0.05,1714563465.450598,SQL-Server,2025-12-01T00:39:48.005986+00:00,MySQL:order_items
40.0,2,b'8',2,1799.99,0.2,1714563465.450598,SQL-Server,2025-12-01T00:39:48.005986+00:00,MySQL:order_items
41.0,1,b'5',1,1320.99,0.1,1714563465.450598,SQL-Server,2025-12-01T00:39:48.005986+00:00,MySQL:order_items
44.0,1,b'7',1,3999.99,0.1,1714563465.450598,SQL-Server,2025-12-01T00:39:48.005986+00:00,MySQL:order_items
45.0,1,b'4',2,2899.99,0.2,1714563465.450598,SQL-Server,2025-12-01T00:39:48.005986+00:00,MySQL:order_items
47.0,1,b'6',1,469.99,0.05,1714563465.450598,SQL-Server,2025-12-01T00:39:48.005986+00:00,MySQL:order_items
48.0,2,b'4',1,2899.99,0.2,1714563465.450598,SQL-Server,2025-12-01T00:39:48.005986+00:00,MySQL:order_items
48.0,3,b'5',2,1320.99,0.1,1714563465.450598,SQL-Server,2025-12-01T00:39:48.005986+00:00,MySQL:order_items
50.0,1,b'3',1,999.99,0.05,1714563465.450598,SQL-Server,2025-12-01T00:39:48.005986+00:00,MySQL:order_items
53.0,1,b'8',2,1799.99,0.2,1714563465.450598,SQL-Server,2025-12-01T00:39:48.005986+00:00,MySQL:order_items
54.0,2,b'3',1,999.99,0.2,1714563465.450598,SQL-Server,2025-12-01T00:39:48.005986+00:00,MySQL:order_items
59.0,2,b'2',1,749.99,0.1,1714563465.450598,SQL-Server,2025-12-01T00:39:48.005986+00:00,MySQL:order_items
60.0,2,b'4',1,2899.99,0.1,1714563465.450598,SQL-Server,2025-12-01T00:39:48.005986+00:00,MySQL:order_items
61.0,3,b'5',2,1320.99,0.2,1714563465.450598,SQL-Server,2025-12-01T00:39:48.005986+00:00,MySQL:order_items
62.0,2,b'8',2,1799.99,0.1,1714563465.450598,SQL-Server,2025-12-01T00:39:48.005986+00:00,MySQL:order_items
63.0,3,b'3',1,999.99,0.1,1714563465.450598,SQL-Server,2025-12-01T00:39:48.005986+00:00,MySQL:order_items
66.0,1,b'2',1,749.99,0.2,1714563465.450598,SQL-Server,2025-12-01T00:39:48.005986+00:00,MySQL:order_items
67.0,4,b'5',2,1320.99,0.1,1714563465.450598,SQL-Server,2025-12-01T00:39:48.005986+00:00,MySQL:order_items
69.0,2,b'5',1,1320.99,0.2,1714563465.450598,SQL-Server,2025-12-01T00:39:48.005986+00:00,MySQL:order_items
70.0,1,b'3',2,999.99,0.05,1714563465.450598,SQL-Server,2025-12-01T00:39:48.005986+00:00,MySQL:order_items
73.0,3,b'3',2,999.99,0.07,1714563465.450598,SQL-Server,2025-12-01T00:39:48.005986+00:00,MySQL:order_items
74.0,2,b'6',1,469.99,0.07,1714563465.450598,SQL-Server,2025-12-01T00:39:48.005986+00:00,MySQL:order_items
75.0,1,b'3',1,999.99,0.1,1714563465.450598,SQL-Server,2025-12-01T00:39:48.005986+00:00,MySQL:order_items
75.0,2,b'7',2,3999.99,0.07,1714563465.450598,SQL-Server,2025-12-01T00:39:48.005986+00:00,MySQL:order_items
76.0,3,b'5',1,1320.99,0.07,1714563465.450598,SQL-Server,2025-12-01T00:39:48.005986+00:00,MySQL:order_items
79.0,1,b'9',2,2999.99,0.1,1714563465.450598,SQL-Server,2025-12-01T00:39:48.005986+00:00,MySQL:order_items
79.0,3,b'6',1,469.99,0.1,1714563465.450598,SQL-Server,2025-12-01T00:39:48.005986+00:00,MySQL:order_items
83.0,2,b'3',2,999.99,0.05,1714563465.450598,SQL-Server,2025-12-01T00:39:48.005986+00:00,MySQL:order_items
85.0,1,b'4',2,2899.99,0.05,1714563465.450598,SQL-Server,2025-12-01T00:39:48.005986+00:00,MySQL:order_items
86.0,1,b'9',2,2999.99,0.1,1714563465.450598,SQL-Server,2025-12-01T00:39:48.005986+00:00,MySQL:order_items
88.0,2,b'8',2,1799.99,0.1,1714563465.450598,SQL-Server,2025-12-01T00:39:48.005986+00:00,MySQL:order_items
88.0,3,b'7',1,3999.99,0.1,1714563465.450598,SQL-Server,2025-12-01T00:39:48.005986+00:00,MySQL:order_items
89.0,1,b'5',1,1320.99,0.05,1714563465.450598,SQL-Server,2025-12-01T00:39:48.005986+00:00,MySQL:order_items
89.0,2,b'6',2,469.99,0.1,1714563465.450598,SQL-Server,2025-12-01T00:39:48.005986+00:00,MySQL:order_items
90.0,1,b'3',1,999.99,0.1,1714563465.450598,SQL-Server,2025-12-01T00:39:48.005986+00:00,MySQL:order_items
90.0,2,b'6',1,469.99,0.07,1714563465.450598,SQL-Server,2025-12-01T00:39:48.005986+00:00,MySQL:order_items
92.0,1,b'8',1,1799.99,0.1,1714563465.450598,SQL-Server,2025-12-01T00:39:48.005986+00:00,MySQL:order_items
93.0,4,b'2',1,749.99,0.2,1714563465.450598,SQL-Server,2025-12-01T00:39:48.005986+00:00,MySQL:order_items
94.0,2,b'4',1,2899.99,0.2,1714563465.450598,SQL-Server,2025-12-01T00:39:48.005986+00:00,MySQL:order_items
95.0,3,b'8',2,1799.99,0.2,1714563465.450598,SQL-Server,2025-12-01T00:39:48.005986+00:00,MySQL:order_items
97.0,2,b'2',1,749.99,0.07,1714563465.450598,SQL-Server,2025-12-01T00:39:48.005986+00:00,MySQL:order_items
97.0,3,b'6',2,469.99,0.2,1714563465.450598,SQL-Server,2025-12-01T00:39:48.005986+00:00,MySQL:order_items
98.0,3,b'2',1,749.99,0.2,1714563465.450598,SQL-Server,2025-12-01T00:39:48.005986+00:00,MySQL:order_items
99.0,4,b'7',2,3999.99,0.07,1714563465.450598,SQL-Server,2025-12-01T00:39:48.005986+00:00,MySQL:order_items
100.0,3,b'7',2,3999.99,0.2,1714563465.450598,SQL-Server,2025-12-01T00:39:48.005986+00:00,MySQL:order_items
103.0,2,b'3',1,999.99,0.05,1714563465.450598,SQL-Server,2025-12-01T00:39:48.005986+00:00,MySQL:order_items
103.0,5,b'9',2,2999.99,0.1,1714563465.450598,SQL-Server,2025-12-01T00:39:48.005986+00:00,MySQL:order_items
105.0,2,b'3',1,999.99,0.05,1714563465.450598,SQL-Server,2025-12-01T00:39:48.005986+00:00,MySQL:order_items
105.0,3,b'9',1,2999.99,0.05,1714563465.450598,SQL-Server,2025-12-01T00:39:48.005986+00:00,MySQL:order_items
109.0,2,b'6',1,469.99,0.07,1714563465.450598,SQL-Server,2025-12-01T00:39:48.005986+00:00,MySQL:order_items
112.0,4,b'5',1,1320.99,0.2,1714563465.450598,SQL-Server,2025-12-01T00:39:48.005986+00:00,MySQL:order_items
113.0,3,b'6',1,469.99,0.07,1714563465.450598,SQL-Server,2025-12-01T00:39:48.005986+00:00,MySQL:order_items
113.0,5,b'5',2,1320.99,0.2,1714563465.450598,SQL-Server,2025-12-01T00:39:48.005986+00:00,MySQL:order_items
114.0,2,b'2',1,749.99,0.07,1714563465.450598,SQL-Server,2025-12-01T00:39:48.005986+00:00,MySQL:order_items
118.0,2,b'4',1,2899.99,0.07,1714563465.450598,SQL-Server,2025-12-01T00:39:48.005986+00:00,MySQL:order_items
118.0,3,b'6',1,469.99,0.07,1714563465.450598,SQL-Server,2025-12-01T00:39:48.005986+00:00,MySQL:order_items
118.0,4,b'3',2,999.99,0.1,1714563465.450598,SQL-Server,2025-12-01T00:39:48.005986+00:00,MySQL:order_items
120.0,2,b'6',2,469.99,0.05,1714563465.450598,SQL-Server,2025-12-01T00:39:48.005986+00:00,MySQL:order_items
121.0,1,b'5',1,1320.99,0.2,1714563465.450598,SQL-Server,2025-12-01T00:39:48.005986+00:00,MySQL:order_items
121.0,3,b'4',2,2899.99,0.1,1714563465.450598,SQL-Server,2025-12-01T00:39:48.005986+00:00,MySQL:order_items
121.0,5,b'2',2,749.99,0.05,1714563465.450598,SQL-Server,2025-12-01T00:39:48.005986+00:00,MySQL:order_items
124.0,2,b'4',1,2899.99,0.07,1714563465.450598,SQL-Server,2025-12-01T00:39:48.005986+00:00,MySQL:order_items
124.0,3,b'7',2,3999.99,0.05,1714563465.450598,SQL-Server,2025-12-01T00:39:48.005986+00:00,MySQL:order_items
126.0,1,b'9',2,2999.99,0.05,1714563465.450598,SQL-Server,2025-12-01T00:39:48.005986+00:00,MySQL:order_items
127.0,3,b'4',2,2899.99,0.07,1714563465.450598,SQL-Server,2025-12-01T00:39:48.005986+00:00,MySQL:order_items
128.0,3,b'4',2,2899.99,0.2,1714563465.450598,SQL-Server,2025-12-01T00:39:48.005986+00:00,MySQL:order_items
128.0,4,b'3',2,999.99,0.2,1714563465.450598,SQL-Server,2025-12-01T00:39:48.005986+00:00,MySQL:order_items
129.0,2,b'9',1,2999.99,0.1,1714563465.450598,SQL-Server,2025-12-01T00:39:48.005986+00:00,MySQL:order_items
130.0,2,b'5',2,1320.99,0.07,1714563465.450598,SQL-Server,2025-12-01T00:39:48.005986+00:00,MySQL:order_items
131.0,2,b'4',2,2899.99,0.07,1714563465.450598,SQL-Server,2025-12-01T00:39:48.005986+00:00,MySQL:order_items
132.0,1,b'2',2,749.99,0.05,1714563465.450598,SQL-Server,2025-12-01T00:39:48.005986+00:00,MySQL:order_items
132.0,3,b'9',1,2999.99,0.1,1714563465.450598,SQL-Server,2025-12-01T00:39:48.005986+00:00,MySQL:order_items
134.0,2,b'2',2,749.99,0.07,1714563465.450598,SQL-Server,2025-12-01T00:39:48.005986+00:00,MySQL:order_items
135.0,1,b'5',2,1320.99,0.05,1714563465.450598,SQL-Server,2025-12-01T00:39:48.005986+00:00,MySQL:order_items
135.0,4,b'2',1,749.99,0.05,1714563465.450598,SQL-Server,2025-12-01T00:39:48.005986+00:00,MySQL:order_items
136.0,1,b'7',2,3999.99,0.2,1714563465.450598,SQL-Server,2025-12-01T00:39:48.005986+00:00,MySQL:order_items
136.0,2,b'3',2,999.99,0.05,1714563465.450598,SQL-Server,2025-12-01T00:39:48.005986+00:00,MySQL:order_items
138.0,2,b'6',1,469.99,0.2,1714563465.450598,SQL-Server,2025-12-01T00:39:48.005986+00:00,MySQL:order_items
139.0,2,b'3',1,999.99,0.07,1714563465.450598,SQL-Server,2025-12-01T00:39:48.005986+00:00,MySQL:order_items
140.0,4,b'3',1,999.99,0.05,1714563465.450598,SQL-Server,2025-12-01T00:39:48.005986+00:00,MySQL:order_items
143.0,1,b'6',1,469.99,0.2,1714563465.450598,SQL-Server,2025-12-01T00:39:48.005986+00:00,MySQL:order_items
144.0,1,b'8',2,1799.99,0.05,1714563465.450598,SQL-Server,2025-12-01T00:39:48.005986+00:00,MySQL:order_items
145.0,2,b'9',2,2999.99,0.1,1714563465.450598,SQL-Server,2025-12-01T00:39:48.005986+00:00,MySQL:order_items
146.0,1,b'3',2,999.99,0.2,1714563465.450598,SQL-Server,2025-12-01T00:39:48.005986+00:00,MySQL:order_items
146.0,4,b'6',2,469.99,0.05,1714563465.450598,SQL-Server,2025-12-01T00:39:48.005986+00:00,MySQL:order_items
146.0,5,b'2',1,749.99,0.07,1714563465.450598,SQL-Server,2025-12-01T00:39:48.005986+00:00,MySQL:order_items
150.0,1,b'7',1,3999.99,0.1,1714563465.450598,SQL-Server,2025-12-01T00:39:48.005986+00:00,MySQL:order_items
150.0,2,b'3',1,999.99,0.2,1714563465.450598,SQL-Server,2025-12-01T00:39:48.005986+00:00,MySQL:order_items
152.0,1,b'6',2,469.99,0.2,1714563465.450598,SQL-Server,2025-12-01T00:39:48.005986+00:00,MySQL:order_items
153.0,2,b'8',1,1799.99,0.07,1714563465.450598,SQL-Server,2025-12-01T00:39:48.005986+00:00,MySQL:order_items
155.0,1,b'8',1,1799.99,0.1,1714563465.450598,SQL-Server,2025-12-01T00:39:48.005986+00:00,MySQL:order_items
156.0,3,b'6',1,469.99,0.07,1714563465.450598,SQL-Server,2025-12-01T00:39:48.005986+00:00,MySQL:order_items
157.0,1,b'4',1,2899.99,0.1,1714563465.450598,SQL-Server,2025-12-01T00:39:48.005986+00:00,MySQL:order_items
157.0,2,b'7',2,3999.99,0.07,1714563465.450598,SQL-Server,2025-12-01T00:39:48.005986+00:00,MySQL:order_items
161.0,3,b'7',2,3999.99,0.05,1714563465.450598,SQL-Server,2025-12-01T00:39:48.005986+00:00,MySQL:order_items
162.0,3,b'3',2,999.99,0.1,1714563465.450598,SQL-Server,2025-12-01T00:39:48.005986+00:00,MySQL:order_items
164.0,1,b'4',2,2899.99,0.05,1714563465.450598,SQL-Server,2025-12-01T00:39:48.005986+00:00,MySQL:order_items
165.0,1,b'4',2,2899.99,0.05,1714563465.450598,SQL-Server,2025-12-01T00:39:48.005986+00:00,MySQL:order_items
165.0,3,b'2',1,749.99,0.05,1714563465.450598,SQL-Server,2025-12-01T00:39:48.005986+00:00,MySQL:order_items
167.0,4,b'7',2,3999.99,0.05,1714563465.450598,SQL-Server,2025-12-01T00:39:48.005986+00:00,MySQL:order_items
168.0,1,b'6',1,469.99,0.1,1714563465.450598,SQL-Server,2025-12-01T00:39:48.005986+00:00,MySQL:order_items
169.0,2,b'5',1,1320.99,0.05,1714563465.450598,SQL-Server,2025-12-01T00:39:48.005986+00:00,MySQL:order_items
170.0,3,b'7',1,3999.99,0.2,1714563465.450598,SQL-Server,2025-12-01T00:39:48.005986+00:00,MySQL:order_items
171.0,1,b'8',1,1799.99,0.05,1714563465.450598,SQL-Server,2025-12-01T00:39:48.005986+00:00,MySQL:order_items
175.0,1,b'5',1,1320.99,0.1,1714563465.450598,SQL-Server,2025-12-01T00:39:48.005986+00:00,MySQL:order_items
175.0,2,b'2',2,749.99,0.2,1714563465.450598,SQL-Server,2025-12-01T00:39:48.005986+00:00,MySQL:order_items
176.0,1,b'2',2,749.99,0.07,1714563465.450598,SQL-Server,2025-12-01T00:39:48.005986+00:00,MySQL:order_items
178.0,3,b'3',1,999.99,0.1,1714563465.450598,SQL-Server,2025-12-01T00:39:48.005986+00:00,MySQL:order_items
184.0,1,b'4',1,2899.99,0.2,1714563465.450598,SQL-Server,2025-12-01T00:39:48.005986+00:00,MySQL:order_items
184.0,2,b'5',1,1320.99,0.1,1714563465.450598,SQL-Server,2025-12-01T00:39:48.005986+00:00,MySQL:order_items
185.0,2,b'8',1,1799.99,0.05,1714563465.450598,SQL-Server,2025-12-01T00:39:48.005986+00:00,MySQL:order_items
186.0,1,b'4',1,2899.99,0.1,1714563465.450598,SQL-Server,2025-12-01T00:39:48.005986+00:00,MySQL:order_items
186.0,2,b'6',1,469.99,0.1,1714563465.450598,SQL-Server,2025-12-01T00:39:48.005986+00:00,MySQL:order_items
187.0,1,b'5',1,1320.99,0.05,1714563465.450598,SQL-Server,2025-12-01T00:39:48.005986+00:00,MySQL:order_items
188.0,1,b'7',2,3999.99,0.07,1714563465.450598,SQL-Server,2025-12-01T00:39:48.005986+00:00,MySQL:order_items
190.0,3,b'3',2,999.99,0.2,1714563465.450598,SQL-Server,2025-12-01T00:39:48.005986+00:00,MySQL:order_items
191.0,3,b'3',1,999.99,0.07,1714563465.450598,SQL-Server,2025-12-01T00:39:48.005986+00:00,MySQL:order_items
191.0,4,b'8',2,1799.99,0.05,1714563465.450598,SQL-Server,2025-12-01T00:39:48.005986+00:00,MySQL:order_items
192.0,1,b'8',2,1799.99,0.1,1714563465.450598,SQL-Server,2025-12-01T00:39:48.005986+00:00,MySQL:order_items
192.0,3,b'2',1,749.99,0.05,1714563465.450598,SQL-Server,2025-12-01T00:39:48.005986+00:00,MySQL:order_items
195.0,3,b'5',2,1320.99,0.2,1714563465.450598,SQL-Server,2025-12-01T00:39:48.005986+00:00,MySQL:order_items
195.0,4,b'4',2,2899.99,0.2,1714563465.450598,SQL-Server,2025-12-01T00:39:48.005986+00:00,MySQL:order_items
196.0,1,b'6',1,469.99,0.05,1714563465.450598,SQL-Server,2025-12-01T00:39:48.005986+00:00,MySQL:order_items
196.0,2,b'3',2,999.99,0.07,1714563465.450598,SQL-Server,2025-12-01T00:39:48.005986+00:00,MySQL:order_items
197.0,1,b'4',2,2899.99,0.2,1714563465.450598,SQL-Server,2025-12-01T00:39:48.005986+00:00,MySQL:order_items
197.0,2,b'2',2,749.99,0.07,1714563465.450598,SQL-Server,2025-12-01T00:39:48.005986+00:00,MySQL:order_items
198.0,1,b'6',2,469.99,0.05,1714563465.450598,SQL-Server,2025-12-01T00:39:48.005986+00:00,MySQL:order_items
198.0,3,b'8',2,1799.99,0.2,1714563465.450598,SQL-Server,2025-12-01T00:39:48.005986+00:00,MySQL:order_items
199.0,3,b'4',1,2899.99,0.2,1714563465.450598,SQL-Server,2025-12-01T00:39:48.005986+00:00,MySQL:order_items
201.0,2,b'7',1,3999.99,0.2,1714563465.450598,SQL-Server,2025-12-01T00:39:48.005986+00:00,MySQL:order_items
202.0,1,b'8',1,1799.99,0.07,1714563465.450598,SQL-Server,2025-12-01T00:39:48.005986+00:00,MySQL:order_items
203.0,2,b'3',2,999.99,0.1,1714563465.450598,SQL-Server,2025-12-01T00:39:48.005986+00:00,MySQL:order_items
204.0,1,b'6',2,469.99,0.07,1714563465.450598,SQL-Server,2025-12-01T00:39:48.005986+00:00,MySQL:order_items
207.0,2,b'5',1,1320.99,0.05,1714563465.450598,SQL-Server,2025-12-01T00:39:48.005986+00:00,MySQL:order_items
207.0,4,b'7',2,3999.99,0.1,1714563465.450598,SQL-Server,2025-12-01T00:39:48.005986+00:00,MySQL:order_items
208.0,1,b'6',2,469.99,0.05,1714563465.450598,SQL-Server,2025-12-01T00:39:48.005986+00:00,MySQL:order_items
208.0,2,b'4',2,2899.99,0.07,1714563465.450598,SQL-Server,2025-12-01T00:39:48.005986+00:00,MySQL:order_items
208.0,3,b'3',1,999.99,0.05,1714563465.450598,SQL-Server,2025-12-01T00:39:48.005986+00:00,MySQL:order_items
211.0,2,b'2',2,749.99,0.07,1714563465.450598,SQL-Server,2025-12-01T00:39:48.005986+00:00,MySQL:order_items
212.0,4,b'7',1,3999.99,0.2,1714563465.450598,SQL-Server,2025-12-01T00:39:48.005986+00:00,MySQL:order_items
218.0,1,b'2',2,749.99,0.1,1714563465.450598,SQL-Server,2025-12-01T00:39:48.005986+00:00,MySQL:order_items
219.0,2,b'5',1,1320.99,0.2,1714563465.450598,SQL-Server,2025-12-01T00:39:48.005986+00:00,MySQL:order_items
220.0,1,b'6',2,469.99,0.05,1714563465.450598,SQL-Server,2025-12-01T00:39:48.005986+00:00,MySQL:order_items
220.0,4,b'3',2,999.99,0.2,1714563465.450598,SQL-Server,2025-12-01T00:39:48.005986+00:00,MySQL:order_items
222.0,2,b'2',2,749.99,0.1,1714563465.450598,SQL-Server,2025-12-01T00:39:48.005986+00:00,MySQL:order_items
223.0,1,b'7',2,3999.99,0.05,1714563465.450598,SQL-Server,2025-12-01T00:39:48.005986+00:00,MySQL:order_items
223.0,2,b'5',1,1320.99,0.2,1714563465.450598,SQL-Server,2025-12-01T00:39:48.005986+00:00,MySQL:order_items
224.0,1,b'6',1,469.99,0.07,1714563465.450598,SQL-Server,2025-12-01T00:39:48.005986+00:00,MySQL:order_items
225.0,2,b'9',1,2999.99,0.1,1714563465.450598,SQL-Server,2025-12-01T00:39:48.005986+00:00,MySQL:order_items
226.0,1,b'2',1,749.99,0.05,1714563465.450598,SQL-Server,2025-12-01T00:39:48.005986+00:00,MySQL:order_items
227.0,1,b'3',2,999.99,0.05,1714563465.450598,SQL-Server,2025-12-01T00:39:48.005986+00:00,MySQL:order_items
228.0,2,b'2',2,749.99,0.07,1714563465.450598,SQL-Server,2025-12-01T00:39:48.005986+00:00,MySQL:order_items
228.0,4,b'4',1,2899.99,0.2,1714563465.450598,SQL-Server,2025-12-01T00:39:48.005986+00:00,MySQL:order_items
229.0,2,b'5',2,1320.99,0.1,1714563465.450598,SQL-Server,2025-12-01T00:39:48.005986+00:00,MySQL:order_items
229.0,3,b'8',1,1799.99,0.2,1714563465.450598,SQL-Server,2025-12-01T00:39:48.005986+00:00,MySQL:order_items
231.0,1,b'8',2,1799.99,0.07,1714563465.450598,SQL-Server,2025-12-01T00:39:48.005986+00:00,MySQL:order_items
231.0,3,b'5',2,1320.99,0.2,1714563465.450598,SQL-Server,2025-12-01T00:39:48.005986+00:00,MySQL:order_items
232.0,4,b'8',2,1799.99,0.1,1714563465.450598,SQL-Server,2025-12-01T00:39:48.005986+00:00,MySQL:order_items
234.0,4,b'7',1,3999.99,0.05,1714563465.450598,SQL-Server,2025-12-01T00:39:48.005986+00:00,MySQL:order_items
235.0,1,b'6',1,469.99,0.07,1714563465.450598,SQL-Server,2025-12-01T00:39:48.005986+00:00,MySQL:order_items
235.0,3,b'7',2,3999.99,0.05,1714563465.450598,SQL-Server,2025-12-01T00:39:48.005986+00:00,MySQL:order_items
236.0,1,b'3',2,999.99,0.07,1714563465.450598,SQL-Server,2025-12-01T00:39:48.005986+00:00,MySQL:order_items
236.0,2,b'2',2,749.99,0.1,1714563465.450598,SQL-Server,2025-12-01T00:39:48.005986+00:00,MySQL:order_items
236.0,3,b'4',2,2899.99,0.1,1714563465.450598,SQL-Server,2025-12-01T00:39:48.005986+00:00,MySQL:order_items
238.0,5,b'7',1,3999.99,0.07,1714563465.450598,SQL-Server,2025-12-01T00:39:48.005986+00:00,MySQL:order_items
239.0,4,b'4',2,2899.99,0.07,1714563465.450598,SQL-Server,2025-12-01T00:39:48.005986+00:00,MySQL:order_items
240.0,1,b'9',1,2999.99,0.07,1714563465.450598,SQL-Server,2025-12-01T00:39:48.005986+00:00,MySQL:order_items
240.0,2,b'8',1,1799.99,0.07,1714563465.450598,SQL-Server,2025-12-01T00:39:48.005986+00:00,MySQL:order_items
240.0,3,b'5',1,1320.99,0.07,1714563465.450598,SQL-Server,2025-12-01T00:39:48.005986+00:00,MySQL:order_items
241.0,1,b'7',1,3999.99,0.2,1714563465.450598,SQL-Server,2025-12-01T00:39:48.005986+00:00,MySQL:order_items
242.0,1,b'3',1,999.99,0.2,1714563465.450598,SQL-Server,2025-12-01T00:39:48.005986+00:00,MySQL:order_items
243.0,3,b'7',2,3999.99,0.05,1714563465.450598,SQL-Server,2025-12-01T00:39:48.005986+00:00,MySQL:order_items
245.0,2,b'8',1,1799.99,0.1,1714563465.450598,SQL-Server,2025-12-01T00:39:48.005986+00:00,MySQL:order_items
247.0,2,b'3',1,999.99,0.2,1714563465.450598,SQL-Server,2025-12-01T00:39:48.005986+00:00,MySQL:order_items
248.0,4,b'9',1,2999.99,0.2,1714563465.450598,SQL-Server,2025-12-01T00:39:48.005986+00:00,MySQL:order_items
249.0,1,b'7',2,3999.99,0.05,1714563465.450598,SQL-Server,2025-12-01T00:39:48.005986+00:00,MySQL:order_items
252.0,2,b'4',1,2899.99,0.07,1714563465.450598,SQL-Server,2025-12-01T00:39:48.005986+00:00,MySQL:order_items
254.0,1,b'6',2,469.99,0.07,1714563465.450598,SQL-Server,2025-12-01T00:39:48.005986+00:00,MySQL:order_items
254.0,2,b'3',1,999.99,0.05,1714563465.450598,SQL-Server,2025-12-01T00:39:48.005986+00:00,MySQL:order_items
255.0,1,b'5',2,1320.99,0.1,1714563465.450598,SQL-Server,2025-12-01T00:39:48.005986+00:00,MySQL:order_items
255.0,3,b'2',2,749.99,0.2,1714563465.450598,SQL-Server,2025-12-01T00:39:48.005986+00:00,MySQL:order_items
257.0,1,b'8',2,1799.99,0.07,1714563465.450598,SQL-Server,2025-12-01T00:39:48.005986+00:00,MySQL:order_items
258.0,1,b'8',2,1799.99,0.05,1714563465.450598,SQL-Server,2025-12-01T00:39:48.005986+00:00,MySQL:order_items
258.0,2,b'4',1,2899.99,0.07,1714563465.450598,SQL-Server,2025-12-01T00:39:48.005986+00:00,MySQL:order_items
259.0,2,b'6',2,469.99,0.1,1714563465.450598,SQL-Server,2025-12-01T00:39:48.005986+00:00,MySQL:order_items
259.0,3,b'2',2,749.99,0.2,1714563465.450598,SQL-Server,2025-12-01T00:39:48.005986+00:00,MySQL:order_items
259.0,4,b'4',1,2899.99,0.1,1714563465.450598,SQL-Server,2025-12-01T00:39:48.005986+00:00,MySQL:order_items
262.0,1,b'2',1,749.99,0.07,1714563465.450598,SQL-Server,2025-12-01T00:39:48.005986+00:00,MySQL:order_items
262.0,2,b'9',2,2999.99,0.05,1714563465.450598,SQL-Server,2025-12-01T00:39:48.005986+00:00,MySQL:order_items
263.0,1,b'9',1,2999.99,0.07,1714563465.450598,SQL-Server,2025-12-01T00:39:48.005986+00:00,MySQL:order_items
263.0,2,b'3',1,999.99,0.2,1714563465.450598,SQL-Server,2025-12-01T00:39:48.005986+00:00,MySQL:order_items
263.0,3,b'2',2,749.99,0.05,1714563465.450598,SQL-Server,2025-12-01T00:39:48.005986+00:00,MySQL:order_items
264.0,4,b'3',2,999.99,0.07,1714563465.450598,SQL-Server,2025-12-01T00:39:48.005986+00:00,MySQL:order_items
265.0,1,b'9',2,2999.99,0.2,1714563465.450598,SQL-Server,2025-12-01T00:39:48.005986+00:00,MySQL:order_items
266.0,1,b'6',2,469.99,0.07,1714563465.450598,SQL-Server,2025-12-01T00:39:48.005986+00:00,MySQL:order_items
267.0,4,b'7',2,3999.99,0.07,1714563465.450598,SQL-Server,2025-12-01T00:39:48.005986+00:00,MySQL:order_items
268.0,1,b'7',1,3999.99,0.05,1714563465.450598,SQL-Server,2025-12-01T00:39:48.005986+00:00,MySQL:order_items
268.0,2,b'6',2,469.99,0.2,1714563465.450598,SQL-Server,2025-12-01T00:39:48.005986+00:00,MySQL:order_items
268.0,3,b'9',1,2999.99,0.1,1714563465.450598,SQL-Server,2025-12-01T00:39:48.005986+00:00,MySQL:order_items
269.0,1,b'5',1,1320.99,0.07,1714563465.450598,SQL-Server,2025-12-01T00:39:48.005986+00:00,MySQL:order_items
269.0,4,b'3',1,999.99,0.05,1714563465.450598,SQL-Server,2025-12-01T00:39:48.005986+00:00,MySQL:order_items
271.0,2,b'6',2,469.99,0.05,1714563465.450598,SQL-Server,2025-12-01T00:39:48.005986+00:00,MySQL:order_items
271.0,4,b'7',2,3999.99,0.1,1714563465.450598,SQL-Server,2025-12-01T00:39:48.005986+00:00,MySQL:order_items
272.0,1,b'2',2,749.99,0.07,1714563465.450598,SQL-Server,2025-12-01T00:39:48.005986+00:00,MySQL:order_items
274.0,3,b'9',2,2999.99,0.07,1714563465.450598,SQL-Server,2025-12-01T00:39:48.005986+00:00,MySQL:order_items
275.0,3,b'7',2,3999.99,0.05,1714563465.450598,SQL-Server,2025-12-01T00:39:48.005986+00:00,MySQL:order_items
276.0,1,b'3',2,999.99,0.2,1714563465.450598,SQL-Server,2025-12-01T00:39:48.005986+00:00,MySQL:order_items
276.0,3,b'9',2,2999.99,0.07,1714563465.450598,SQL-Server,2025-12-01T00:39:48.005986+00:00,MySQL:order_items
277.0,2,b'6',2,469.99,0.2,1714563465.450598,SQL-Server,2025-12-01T00:39:48.005986+00:00,MySQL:order_items
281.0,3,b'7',2,3999.99,0.07,1714563465.450598,SQL-Server,2025-12-01T00:39:48.005986+00:00,MySQL:order_items
282.0,2,b'7',2,3999.99,0.07,1714563465.450598,SQL-Server,2025-12-01T00:39:48.005986+00:00,MySQL:order_items
282.0,3,b'3',2,999.99,0.05,1714563465.450598,SQL-Server,2025-12-01T00:39:48.005986+00:00,MySQL:order_items
283.0,1,b'9',1,2999.99,0.05,1714563465.450598,SQL-Server,2025-12-01T00:39:48.005986+00:00,MySQL:order_items
285.0,3,b'2',1,749.99,0.1,1714563465.450598,SQL-Server,2025-12-01T00:39:48.005986+00:00,MySQL:order_items
286.0,4,b'7',1,3999.99,0.1,1714563465.450598,SQL-Server,2025-12-01T00:39:48.005986+00:00,MySQL:order_items
287.0,1,b'5',1,1320.99,0.2,1714563465.450598,SQL-Server,2025-12-01T00:39:48.005986+00:00,MySQL:order_items
287.0,3,b'2',1,749.99,0.05,1714563465.450598,SQL-Server,2025-12-01T00:39:48.005986+00:00,MySQL:order_items
288.0,1,b'4',1,2899.99,0.2,1714563465.450598,SQL-Server,2025-12-01T00:39:48.005986+00:00,MySQL:order_items
288.0,3,b'7',2,3999.99,0.05,1714563465.450598,SQL-Server,2025-12-01T00:39:48.005986+00:00,MySQL:order_items
290.0,1,b'2',2,749.99,0.07,1714563465.450598,SQL-Server,2025-12-01T00:39:48.005986+00:00,MySQL:order_items
290.0,2,b'5',2,1320.99,0.07,1714563465.450598,SQL-Server,2025-12-01T00:39:48.005986+00:00,MySQL:order_items
291.0,1,b'6',2,469.99,0.05,1714563465.450598,SQL-Server,2025-12-01T00:39:48.005986+00:00,MySQL:order_items
292.0,2,b'4',1,2899.99,0.07,1714563465.450598,SQL-Server,2025-12-01T00:39:48.005986+00:00,MySQL:order_items
293.0,2,b'6',1,469.99,0.2,1714563465.450598,SQL-Server,2025-12-01T00:39:48.005986+00:00,MySQL:order_items
294.0,3,b'7',2,3999.99,0.05,1714563465.450598,SQL-Server,2025-12-01T00:39:48.005986+00:00,MySQL:order_items
296.0,4,b'9',1,2999.99,0.2,1714563465.450598,SQL-Server,2025-12-01T00:39:48.005986+00:00,MySQL:order_items
297.0,1,b'4',2,2899.99,0.2,1714563465.450598,SQL-Server,2025-12-01T00:39:48.005986+00:00,MySQL:order_items
298.0,2,b'6',2,469.99,0.05,1714563465.450598,SQL-Server,2025-12-01T00:39:48.005986+00:00,MySQL:order_items
298.0,4,b'9',1,2999.99,0.07,1714563465.450598,SQL-Server,2025-12-01T00:39:48.005986+00:00,MySQL:order_items
300.0,2,b'9',2,2999.99,0.1,1714563465.450598,SQL-Server,2025-12-01T00:39:48.005986+00:00,MySQL:order_items
301.0,1,b'6',1,469.99,0.05,1714563465.450598,SQL-Server,2025-12-01T00:39:48.005986+00:00,MySQL:order_items
302.0,3,b'2',2,749.99,0.2,1714563465.450598,SQL-Server,2025-12-01T00:39:48.005986+00:00,MySQL:order_items
303.0,1,b'8',2,1799.99,0.05,1714563465.450598,SQL-Server,2025-12-01T00:39:48.005986+00:00,MySQL:order_items
304.0,2,b'7',2,3999.99,0.1,1714563465.450598,SQL-Server,2025-12-01T00:39:48.005986+00:00,MySQL:order_items
305.0,2,b'6',1,469.99,0.1,1714563465.450598,SQL-Server,2025-12-01T00:39:48.005986+00:00,MySQL:order_items
305.0,3,b'3',2,999.99,0.2,1714563465.450598,SQL-Server,2025-12-01T00:39:48.005986+00:00,MySQL:order_items
308.0,1,b'7',1,3999.99,0.1,1714563465.450598,SQL-Server,2025-12-01T00:39:48.005986+00:00,MySQL:order_items
309.0,1,b'3',1,999.99,0.05,1714563465.450598,SQL-Server,2025-12-01T00:39:48.005986+00:00,MySQL:order_items
310.0,1,b'7',2,3999.99,0.07,1714563465.450598,SQL-Server,2025-12-01T00:39:48.005986+00:00,MySQL:order_items
310.0,3,b'5',2,1320.99,0.2,1714563465.450598,SQL-Server,2025-12-01T00:39:48.005986+00:00,MySQL:order_items
310.0,4,b'8',1,1799.99,0.2,1714563465.450598,SQL-Server,2025-12-01T00:39:48.005986+00:00,MySQL:order_items
311.0,2,b'5',2,1320.99,0.2,1714563465.450598,SQL-Server,2025-12-01T00:39:48.005986+00:00,MySQL:order_items
313.0,1,b'4',1,2899.99,0.07,1714563465.450598,SQL-Server,2025-12-01T00:39:48.005986+00:00,MySQL:order_items
314.0,1,b'5',1,1320.99,0.07,1714563465.450598,SQL-Server,2025-12-01T00:39:48.005986+00:00,MySQL:order_items
314.0,2,b'9',1,2999.99,0.05,1714563465.450598,SQL-Server,2025-12-01T00:39:48.005986+00:00,MySQL:order_items
314.0,4,b'7',2,3999.99,0.07,1714563465.450598,SQL-Server,2025-12-01T00:39:48.005986+00:00,MySQL:order_items
315.0,2,b'9',1,2999.99,0.1,1714563465.450598,SQL-Server,2025-12-01T00:39:48.005986+00:00,MySQL:order_items
316.0,1,b'2',2,749.99,0.2,1714563465.450598,SQL-Server,2025-12-01T00:39:48.005986+00:00,MySQL:order_items
318.0,3,b'9',1,2999.99,0.05,1714563465.450598,SQL-Server,2025-12-01T00:39:48.005986+00:00,MySQL:order_items
320.0,1,b'2',1,749.99,0.1,1714563465.450598,SQL-Server,2025-12-01T00:39:48.005986+00:00,MySQL:order_items
321.0,1,b'4',2,2899.99,0.2,1714563465.450598,SQL-Server,2025-12-01T00:39:48.005986+00:00,MySQL:order_items
324.0,1,b'2',2,749.99,0.1,1714563465.450598,SQL-Server,2025-12-01T00:39:48.005986+00:00,MySQL:order_items
325.0,1,b'7',1,3999.99,0.05,1714563465.450598,SQL-Server,2025-12-01T00:39:48.005986+00:00,MySQL:order_items
325.0,3,b'6',2,469.99,0.2,1714563465.450598,SQL-Server,2025-12-01T00:39:48.005986+00:00,MySQL:order_items
327.0,3,b'4',1,2899.99,0.05,1714563465.450598,SQL-Server,2025-12-01T00:39:48.005986+00:00,MySQL:order_items
328.0,1,b'6',2,469.99,0.1,1714563465.450598,SQL-Server,2025-12-01T00:39:48.005986+00:00,MySQL:order_items
329.0,2,b'8',2,1799.99,0.05,1714563465.450598,SQL-Server,2025-12-01T00:39:48.005986+00:00,MySQL:order_items
333.0,2,b'8',2,1799.99,0.05,1714563465.450598,SQL-Server,2025-12-01T00:39:48.005986+00:00,MySQL:order_items
333.0,3,b'3',1,999.99,0.2,1714563465.450598,SQL-Server,2025-12-01T00:39:48.005986+00:00,MySQL:order_items
334.0,2,b'9',1,2999.99,0.05,1714563465.450598,SQL-Server,2025-12-01T00:39:48.005986+00:00,MySQL:order_items
334.0,3,b'3',2,999.99,0.05,1714563465.450598,SQL-Server,2025-12-01T00:39:48.005986+00:00,MySQL:order_items
335.0,1,b'6',1,469.99,0.1,1714563465.450598,SQL-Server,2025-12-01T00:39:48.005986+00:00,MySQL:order_items
335.0,2,b'2',2,749.99,0.1,1714563465.450598,SQL-Server,2025-12-01T00:39:48.005986+00:00,MySQL:order_items
336.0,1,b'4',1,2899.99,0.1,1714563465.450598,SQL-Server,2025-12-01T00:39:48.005986+00:00,MySQL:order_items
337.0,2,b'4',1,2899.99,0.05,1714563465.450598,SQL-Server,2025-12-01T00:39:48.005986+00:00,MySQL:order_items
338.0,1,b'6',2,469.99,0.07,1714563465.450598,SQL-Server,2025-12-01T00:39:48.005986+00:00,MySQL:order_items
338.0,5,b'9',1,2999.99,0.05,1714563465.450598,SQL-Server,2025-12-01T00:39:48.005986+00:00,MySQL:order_items
342.0,2,b'9',1,2999.99,0.2,1714563465.450598,SQL-Server,2025-12-01T00:39:48.005986+00:00,MySQL:order_items
343.0,3,b'5',2,1320.99,0.05,1714563465.450598,SQL-Server,2025-12-01T00:39:48.005986+00:00,MySQL:order_items
348.0,1,b'5',2,1320.99,0.05,1714563465.450598,SQL-Server,2025-12-01T00:39:48.005986+00:00,MySQL:order_items
350.0,1,b'6',2,469.99,0.05,1714563465.450598,SQL-Server,2025-12-01T00:39:48.005986+00:00,MySQL:order_items
350.0,3,b'3',1,999.99,0.07,1714563465.450598,SQL-Server,2025-12-01T00:39:48.005986+00:00,MySQL:order_items
351.0,1,b'4',2,2899.99,0.05,1714563465.450598,SQL-Server,2025-12-01T00:39:48.005986+00:00,MySQL:order_items
353.0,1,b'2',2,749.99,0.2,1714563465.450598,SQL-Server,2025-12-01T00:39:48.005986+00:00,MySQL:order_items
356.0,2,b'4',1,2899.99,0.05,1714563465.450598,SQL-Server,2025-12-01T00:39:48.005986+00:00,MySQL:order_items
357.0,4,b'9',1,2999.99,0.05,1714563465.450598,SQL-Server,2025-12-01T00:39:48.005986+00:00,MySQL:order_items
358.0,2,b'6',2,469.99,0.07,1714563465.450598,SQL-Server,2025-12-01T00:39:48.005986+00:00,MySQL:order_items
358.0,3,b'8',2,1799.99,0.05,1714563465.450598,SQL-Server,2025-12-01T00:39:48.005986+00:00,MySQL:order_items
359.0,2,b'9',2,2999.99,0.07,1714563465.450598,SQL-Server,2025-12-01T00:39:48.005986+00:00,MySQL:order_items
359.0,3,b'7',2,3999.99,0.2,1714563465.450598,SQL-Server,2025-12-01T00:39:48.005986+00:00,MySQL:order_items
360.0,2,b'7',2,3999.99,0.2,1714563465.450598,SQL-Server,2025-12-01T00:39:48.005986+00:00,MySQL:order_items
361.0,2,b'6',2,469.99,0.1,1714563465.450598,SQL-Server,2025-12-01T00:39:48.005986+00:00,MySQL:order_items
362.0,1,b'2',1,749.99,0.07,1714563465.450598,SQL-Server,2025-12-01T00:39:48.005986+00:00,MySQL:order_items
366.0,2,b'4',1,2899.99,0.07,1714563465.450598,SQL-Server,2025-12-01T00:39:48.005986+00:00,MySQL:order_items
368.0,1,b'5',1,1320.99,0.2,1714563465.450598,SQL-Server,2025-12-01T00:39:48.005986+00:00,MySQL:order_items
370.0,2,b'4',2,2899.99,0.1,1714563465.450598,SQL-Server,2025-12-01T00:39:48.005986+00:00,MySQL:order_items
372.0,3,b'5',1,1320.99,0.1,1714563465.450598,SQL-Server,2025-12-01T00:39:48.005986+00:00,MySQL:order_items
373.0,1,b'8',2,1799.99,0.05,1714563465.450598,SQL-Server,2025-12-01T00:39:48.005986+00:00,MySQL:order_items
374.0,2,b'7',1,3999.99,0.07,1714563465.450598,SQL-Server,2025-12-01T00:39:48.005986+00:00,MySQL:order_items
375.0,2,b'2',2,749.99,0.05,1714563465.450598,SQL-Server,2025-12-01T00:39:48.005986+00:00,MySQL:order_items
375.0,3,b'4',2,2899.99,0.07,1714563465.450598,SQL-Server,2025-12-01T00:39:48.005986+00:00,MySQL:order_items
376.0,1,b'2',2,749.99,0.07,1714563465.450598,SQL-Server,2025-12-01T00:39:48.005986+00:00,MySQL:order_items
377.0,1,b'8',1,1799.99,0.05,1714563465.450598,SQL-Server,2025-12-01T00:39:48.005986+00:00,MySQL:order_items
379.0,1,b'9',1,2999.99,0.07,1714563465.450598,SQL-Server,2025-12-01T00:39:48.005986+00:00,MySQL:order_items
382.0,1,b'8',1,1799.99,0.1,1714563465.450598,SQL-Server,2025-12-01T00:39:48.005986+00:00,MySQL:order_items
382.0,2,b'9',1,2999.99,0.1,1714563465.450598,SQL-Server,2025-12-01T00:39:48.005986+00:00,MySQL:order_items
384.0,3,b'8',1,1799.99,0.05,1714563465.450598,SQL-Server,2025-12-01T00:39:48.005986+00:00,MySQL:order_items
384.0,5,b'4',1,2899.99,0.2,1714563465.450598,SQL-Server,2025-12-01T00:39:48.005986+00:00,MySQL:order_items
385.0,2,b'7',2,3999.99,0.2,1714563465.450598,SQL-Server,2025-12-01T00:39:48.005986+00:00,MySQL:order_items
386.0,1,b'8',1,1799.99,0.2,1714563465.450598,SQL-Server,2025-12-01T00:39:48.005986+00:00,MySQL:order_items
386.0,2,b'3',2,999.99,0.05,1714563465.450598,SQL-Server,2025-12-01T00:39:48.005986+00:00,MySQL:order_items
388.0,3,b'2',1,749.99,0.07,1714563465.450598,SQL-Server,2025-12-01T00:39:48.005986+00:00,MySQL:order_items
389.0,1,b'2',1,749.99,0.07,1714563465.450598,SQL-Server,2025-12-01T00:39:48.005986+00:00,MySQL:order_items
389.0,4,b'5',1,1320.99,0.05,1714563465.450598,SQL-Server,2025-12-01T00:39:48.005986+00:00,MySQL:order_items
389.0,5,b'9',1,2999.99,0.2,1714563465.450598,SQL-Server,2025-12-01T00:39:48.005986+00:00,MySQL:order_items
390.0,2,b'7',2,3999.99,0.07,1714563465.450598,SQL-Server,2025-12-01T00:39:48.005986+00:00,MySQL:order_items
390.0,3,b'9',1,2999.99,0.05,1714563465.450598,SQL-Server,2025-12-01T00:39:48.005986+00:00,MySQL:order_items
391.0,1,b'8',1,1799.99,0.07,1714563465.450598,SQL-Server,2025-12-01T00:39:48.005986+00:00,MySQL:order_items
391.0,2,b'5',2,1320.99,0.2,1714563465.450598,SQL-Server,2025-12-01T00:39:48.005986+00:00,MySQL:order_items
392.0,2,b'3',2,999.99,0.05,1714563465.450598,SQL-Server,2025-12-01T00:39:48.005986+00:00,MySQL:order_items
393.0,1,b'6',2,469.99,0.2,1714563465.450598,SQL-Server,2025-12-01T00:39:48.005986+00:00,MySQL:order_items
396.0,3,b'5',1,1320.99,0.2,1714563465.450598,SQL-Server,2025-12-01T00:39:48.005986+00:00,MySQL:order_items
397.0,1,b'7',1,3999.99,0.05,1714563465.450598,SQL-Server,2025-12-01T00:39:48.005986+00:00,MySQL:order_items
398.0,1,b'8',2,1799.99,0.05,1714563465.450598,SQL-Server,2025-12-01T00:39:48.005986+00:00,MySQL:order_items
400.0,2,b'9',1,2999.99,0.2,1714563465.450598,SQL-Server,2025-12-01T00:39:48.005986+00:00,MySQL:order_items
400.0,3,b'3',2,999.99,0.2,1714563465.450598,SQL-Server,2025-12-01T00:39:48.005986+00:00,MySQL:order_items
402.0,1,b'6',2,469.99,0.07,1714563465.450598,SQL-Server,2025-12-01T00:39:48.005986+00:00,MySQL:order_items
402.0,2,b'5',1,1320.99,0.07,1714563465.450598,SQL-Server,2025-12-01T00:39:48.005986+00:00,MySQL:order_items
403.0,2,b'7',2,3999.99,0.2,1714563465.450598,SQL-Server,2025-12-01T00:39:48.005986+00:00,MySQL:order_items
404.0,1,b'9',1,2999.99,0.07,1714563465.450598,SQL-Server,2025-12-01T00:39:48.005986+00:00,MySQL:order_items
405.0,1,b'3',2,999.99,0.2,1714563465.450598,SQL-Server,2025-12-01T00:39:48.005986+00:00,MySQL:order_items
406.0,1,b'4',1,2899.99,0.2,1714563465.450598,SQL-Server,2025-12-01T00:39:48.005986+00:00,MySQL:order_items
407.0,2,b'5',1,1320.99,0.05,1714563465.450598,SQL-Server,2025-12-01T00:39:48.005986+00:00,MySQL:order_items
408.0,2,b'3',1,999.99,0.07,1714563465.450598,SQL-Server,2025-12-01T00:39:48.005986+00:00,MySQL:order_items
408.0,3,b'2',2,749.99,0.07,1714563465.450598,SQL-Server,2025-12-01T00:39:48.005986+00:00,MySQL:order_items
410.0,2,b'9',2,2999.99,0.05,1714563465.450598,SQL-Server,2025-12-01T00:39:48.005986+00:00,MySQL:order_items
411.0,1,b'2',1,749.99,0.07,1714563465.450598,SQL-Server,2025-12-01T00:39:48.005986+00:00,MySQL:order_items
412.0,1,b'7',1,3999.99,0.1,1714563465.450598,SQL-Server,2025-12-01T00:39:48.005986+00:00,MySQL:order_items
413.0,1,b'8',2,1799.99,0.05,1714563465.450598,SQL-Server,2025-12-01T00:39:48.005986+00:00,MySQL:order_items
413.0,3,b'9',1,2999.99,0.07,1714563465.450598,SQL-Server,2025-12-01T00:39:48.005986+00:00,MySQL:order_items
414.0,1,b'4',2,2899.99,0.1,1714563465.450598,SQL-Server,2025-12-01T00:39:48.005986+00:00,MySQL:order_items
415.0,1,b'3',1,999.99,0.07,1714563465.450598,SQL-Server,2025-12-01T00:39:48.005986+00:00,MySQL:order_items
415.0,3,b'5',1,1320.99,0.2,1714563465.450598,SQL-Server,2025-12-01T00:39:48.005986+00:00,MySQL:order_items
415.0,4,b'6',2,469.99,0.05,1714563465.450598,SQL-Server,2025-12-01T00:39:48.005986+00:00,MySQL:order_items
417.0,2,b'6',2,469.99,0.07,1714563465.450598,SQL-Server,2025-12-01T00:39:48.005986+00:00,MySQL:order_items
419.0,1,b'9',1,2999.99,0.05,1714563465.450598,SQL-Server,2025-12-01T00:39:48.005986+00:00,MySQL:order_items
420.0,3,b'3',2,999.99,0.05,1714563465.450598,SQL-Server,2025-12-01T00:39:48.005986+00:00,MySQL:order_items
421.0,1,b'6',2,469.99,0.07,1714563465.450598,SQL-Server,2025-12-01T00:39:48.005986+00:00,MySQL:order_items
421.0,2,b'3',2,999.99,0.2,1714563465.450598,SQL-Server,2025-12-01T00:39:48.005986+00:00,MySQL:order_items
421.0,4,b'4',1,2899.99,0.07,1714563465.450598,SQL-Server,2025-12-01T00:39:48.005986+00:00,MySQL:order_items
423.0,1,b'8',2,1799.99,0.05,1714563465.450598,SQL-Server,2025-12-01T00:39:48.005986+00:00,MySQL:order_items
423.0,4,b'2',1,749.99,0.2,1714563465.450598,SQL-Server,2025-12-01T00:39:48.005986+00:00,MySQL:order_items
424.0,2,b'6',1,469.99,0.05,1714563465.450598,SQL-Server,2025-12-01T00:39:48.005986+00:00,MySQL:order_items
425.0,1,b'6',1,469.99,0.1,1714563465.450598,SQL-Server,2025-12-01T00:39:48.005986+00:00,MySQL:order_items
428.0,1,b'5',2,1320.99,0.2,1714563465.450598,SQL-Server,2025-12-01T00:39:48.005986+00:00,MySQL:order_items
429.0,2,b'4',2,2899.99,0.1,1714563465.450598,SQL-Server,2025-12-01T00:39:48.005986+00:00,MySQL:order_items
429.0,3,b'5',2,1320.99,0.05,1714563465.450598,SQL-Server,2025-12-01T00:39:48.005986+00:00,MySQL:order_items
429.0,4,b'6',1,469.99,0.07,1714563465.450598,SQL-Server,2025-12-01T00:39:48.005986+00:00,MySQL:order_items
429.0,5,b'2',1,749.99,0.1,1714563465.450598,SQL-Server,2025-12-01T00:39:48.005986+00:00,MySQL:order_items
430.0,3,b'4',2,2899.99,0.2,1714563465.450598,SQL-Server,2025-12-01T00:39:48.005986+00:00,MySQL:order_items
430.0,5,b'8',1,1799.99,0.2,1714563465.450598,SQL-Server,2025-12-01T00:39:48.005986+00:00,MySQL:order_items
431.0,2,b'6',1,469.99,0.1,1714563465.450598,SQL-Server,2025-12-01T00:39:48.005986+00:00,MySQL:order_items
432.0,2,b'7',2,3999.99,0.05,1714563465.450598,SQL-Server,2025-12-01T00:39:48.005986+00:00,MySQL:order_items
433.0,1,b'6',1,469.99,0.1,1714563465.450598,SQL-Server,2025-12-01T00:39:48.005986+00:00,MySQL:order_items
433.0,4,b'4',1,2899.99,0.2,1714563465.450598,SQL-Server,2025-12-01T00:39:48.005986+00:00,MySQL:order_items
434.0,3,b'9',1,2999.99,0.2,1714563465.450598,SQL-Server,2025-12-01T00:39:48.005986+00:00,MySQL:order_items
435.0,2,b'9',1,2999.99,0.05,1714563465.450598,SQL-Server,2025-12-01T00:39:48.005986+00:00,MySQL:order_items
436.0,1,b'3',1,999.99,0.05,1714563465.450598,SQL-Server,2025-12-01T00:39:48.005986+00:00,MySQL:order_items
437.0,1,b'3',1,999.99,0.05,1714563465.450598,SQL-Server,2025-12-01T00:39:48.005986+00:00,MySQL:order_items
437.0,3,b'8',2,1799.99,0.05,1714563465.450598,SQL-Server,2025-12-01T00:39:48.005986+00:00,MySQL:order_items
438.0,1,b'4',1,2899.99,0.07,1714563465.450598,SQL-Server,2025-12-01T00:39:48.005986+00:00,MySQL:order_items
438.0,3,b'8',2,1799.99,0.05,1714563465.450598,SQL-Server,2025-12-01T00:39:48.005986+00:00,MySQL:order_items
439.0,1,b'6',2,469.99,0.07,1714563465.450598,SQL-Server,2025-12-01T00:39:48.005986+00:00,MySQL:order_items
439.0,2,b'7',2,3999.99,0.05,1714563465.450598,SQL-Server,2025-12-01T00:39:48.005986+00:00,MySQL:order_items
440.0,2,b'4',2,2899.99,0.07,1714563465.450598,SQL-Server,2025-12-01T00:39:48.005986+00:00,MySQL:order_items
442.0,3,b'6',2,469.99,0.2,1714563465.450598,SQL-Server,2025-12-01T00:39:48.005986+00:00,MySQL:order_items
443.0,1,b'5',1,1320.99,0.05,1714563465.450598,SQL-Server,2025-12-01T00:39:48.005986+00:00,MySQL:order_items
445.0,1,b'7',1,3999.99,0.2,1714563465.450598,SQL-Server,2025-12-01T00:39:48.005986+00:00,MySQL:order_items
447.0,1,b'4',2,2899.99,0.05,1714563465.450598,SQL-Server,2025-12-01T00:39:48.005986+00:00,MySQL:order_items
447.0,2,b'3',1,999.99,0.1,1714563465.450598,SQL-Server,2025-12-01T00:39:48.005986+00:00,MySQL:order_items
447.0,3,b'8',1,1799.99,0.07,1714563465.450598,SQL-Server,2025-12-01T00:39:48.005986+00:00,MySQL:order_items
448.0,2,b'6',2,469.99,0.05,1714563465.450598,SQL-Server,2025-12-01T00:39:48.005986+00:00,MySQL:order_items
449.0,2,b'2',1,749.99,0.05,1714563465.450598,SQL-Server,2025-12-01T00:39:48.005986+00:00,MySQL:order_items
449.0,3,b'7',2,3999.99,0.07,1714563465.450598,SQL-Server,2025-12-01T00:39:48.005986+00:00,MySQL:order_items
450.0,3,b'5',1,1320.99,0.1,1714563465.450598,SQL-Server,2025-12-01T00:39:48.005986+00:00,MySQL:order_items
452.0,3,b'7',2,3999.99,0.1,1714563465.450598,SQL-Server,2025-12-01T00:39:48.005986+00:00,MySQL:order_items
452.0,4,b'8',1,1799.99,0.1,1714563465.450598,SQL-Server,2025-12-01T00:39:48.005986+00:00,MySQL:order_items
453.0,3,b'4',1,2899.99,0.2,1714563465.450598,SQL-Server,2025-12-01T00:39:48.005986+00:00,MySQL:order_items
455.0,1,b'9',1,2999.99,0.05,1714563465.450598,SQL-Server,2025-12-01T00:39:48.005986+00:00,MySQL:order_items
457.0,2,b'2',1,749.99,0.05,1714563465.450598,SQL-Server,2025-12-01T00:39:48.005986+00:00,MySQL:order_items
457.0,3,b'7',2,3999.99,0.1,1714563465.450598,SQL-Server,2025-12-01T00:39:48.005986+00:00,MySQL:order_items
458.0,1,b'2',1,749.99,0.2,1714563465.450598,SQL-Server,2025-12-01T00:39:48.005986+00:00,MySQL:order_items
458.0,5,b'3',2,999.99,0.2,1714563465.450598,SQL-Server,2025-12-01T00:39:48.005986+00:00,MySQL:order_items
460.0,3,b'4',1,2899.99,0.2,1714563465.450598,SQL-Server,2025-12-01T00:39:48.005986+00:00,MySQL:order_items
461.0,2,b'4',1,2899.99,0.2,1714563465.450598,SQL-Server,2025-12-01T00:39:48.005986+00:00,MySQL:order_items
461.0,3,b'8',2,1799.99,0.05,1714563465.450598,SQL-Server,2025-12-01T00:39:48.005986+00:00,MySQL:order_items
464.0,1,b'7',1,3999.99,0.1,1714563465.450598,SQL-Server,2025-12-01T00:39:48.005986+00:00,MySQL:order_items
465.0,1,b'6',2,469.99,0.1,1714563465.450598,SQL-Server,2025-12-01T00:39:48.005986+00:00,MySQL:order_items
466.0,2,b'6',1,469.99,0.2,1714563465.450598,SQL-Server,2025-12-01T00:39:48.005986+00:00,MySQL:order_items
466.0,3,b'7',2,3999.99,0.05,1714563465.450598,SQL-Server,2025-12-01T00:39:48.005986+00:00,MySQL:order_items
466.0,5,b'5',1,1320.99,0.1,1714563465.450598,SQL-Server,2025-12-01T00:39:48.005986+00:00,MySQL:order_items
468.0,2,b'9',2,2999.99,0.05,1714563465.450598,SQL-Server,2025-12-01T00:39:48.005986+00:00,MySQL:order_items
469.0,1,b'8',2,1799.99,0.1,1714563465.450598,SQL-Server,2025-12-01T00:39:48.005986+00:00,MySQL:order_items
469.0,2,b'4',1,2899.99,0.07,1714563465.450598,SQL-Server,2025-12-01T00:39:48.005986+00:00,MySQL:order_items
470.0,3,b'8',2,1799.99,0.2,1714563465.450598,SQL-Server,2025-12-01T00:39:48.005986+00:00,MySQL:order_items
476.0,2,b'4',2,2899.99,0.2,1714563465.450598,SQL-Server,2025-12-01T00:39:48.005986+00:00,MySQL:order_items
477.0,1,b'6',1,469.99,0.1,1714563465.450598,SQL-Server,2025-12-01T00:39:48.005986+00:00,MySQL:order_items
479.0,4,b'7',1,3999.99,0.05,1714563465.450598,SQL-Server,2025-12-01T00:39:48.005986+00:00,MySQL:order_items
480.0,1,b'4',1,2899.99,0.05,1714563465.450598,SQL-Server,2025-12-01T00:39:48.005986+00:00,MySQL:order_items
481.0,3,b'9',2,2999.99,0.1,1714563465.450598,SQL-Server,2025-12-01T00:39:48.005986+00:00,MySQL:order_items
484.0,1,b'8',2,1799.99,0.1,1714563465.450598,SQL-Server,2025-12-01T00:39:48.005986+00:00,MySQL:order_items
484.0,3,b'9',2,2999.99,0.05,1714563465.450598,SQL-Server,2025-12-01T00:39:48.005986+00:00,MySQL:order_items
484.0,4,b'6',1,469.99,0.2,1714563465.450598,SQL-Server,2025-12-01T00:39:48.005986+00:00,MySQL:order_items
486.0,1,b'9',1,2999.99,0.07,1714563465.450598,SQL-Server,2025-12-01T00:39:48.005986+00:00,MySQL:order_items
487.0,1,b'6',1,469.99,0.2,1714563465.450598,SQL-Server,2025-12-01T00:39:48.005986+00:00,MySQL:order_items
489.0,1,b'8',2,1799.99,0.1,1714563465.450598,SQL-Server,2025-12-01T00:39:48.005986+00:00,MySQL:order_items
491.0,1,b'9',2,2999.99,0.2,1714563465.450598,SQL-Server,2025-12-01T00:39:48.005986+00:00,MySQL:order_items
492.0,1,b'6',1,469.99,0.1,1714563465.450598,SQL-Server,2025-12-01T00:39:48.005986+00:00,MySQL:order_items
495.0,2,b'9',1,2999.99,0.05,1714563465.450598,SQL-Server,2025-12-01T00:39:48.005986+00:00,MySQL:order_items
501.0,2,b'8',1,1799.99,0.07,1714563465.450598,SQL-Server,2025-12-01T00:39:48.005986+00:00,MySQL:order_items
504.0,2,b'2',2,749.99,0.05,1714563465.450598,SQL-Server,2025-12-01T00:39:48.005986+00:00,MySQL:order_items
506.0,2,b'7',1,3999.99,0.07,1714563465.450598,SQL-Server,2025-12-01T00:39:48.005986+00:00,MySQL:order_items
508.0,1,b'8',1,1799.99,0.05,1714563465.450598,SQL-Server,2025-12-01T00:39:48.005986+00:00,MySQL:order_items
508.0,2,b'2',2,749.99,0.05,1714563465.450598,SQL-Server,2025-12-01T00:39:48.005986+00:00,MySQL:order_items
509.0,2,b'4',2,2899.99,0.05,1714563465.450598,SQL-Server,2025-12-01T00:39:48.005986+00:00,MySQL:order_items
513.0,1,b'7',1,3999.99,0.07,1714563465.450598,SQL-Server,2025-12-01T00:39:48.005986+00:00,MySQL:order_items
515.0,1,b'8',1,1799.99,0.07,1714563465.450598,SQL-Server,2025-12-01T00:39:48.005986+00:00,MySQL:order_items
515.0,2,b'5',1,1320.99,0.1,1714563465.450598,SQL-Server,2025-12-01T00:39:48.005986+00:00,MySQL:order_items
515.0,4,b'6',2,469.99,0.2,1714563465.450598,SQL-Server,2025-12-01T00:39:48.005986+00:00,MySQL:order_items
516.0,1,b'7',1,3999.99,0.05,1714563465.450598,SQL-Server,2025-12-01T00:39:48.005986+00:00,MySQL:order_items
516.0,2,b'5',2,1320.99,0.1,1714563465.450598,SQL-Server,2025-12-01T00:39:48.005986+00:00,MySQL:order_items
518.0,2,b'5',2,1320.99,0.05,1714563465.450598,SQL-Server,2025-12-01T00:39:48.005986+00:00,MySQL:order_items
519.0,1,b'6',1,469.99,0.07,1714563465.450598,SQL-Server,2025-12-01T00:39:48.005986+00:00,MySQL:order_items
519.0,5,b'7',1,3999.99,0.05,1714563465.450598,SQL-Server,2025-12-01T00:39:48.005986+00:00,MySQL:order_items
521.0,1,b'5',1,1320.99,0.2,1714563465.450598,SQL-Server,2025-12-01T00:39:48.005986+00:00,MySQL:order_items
522.0,1,b'4',2,2899.99,0.07,1714563465.450598,SQL-Server,2025-12-01T00:39:48.005986+00:00,MySQL:order_items
523.0,3,b'5',2,1320.99,0.1,1714563465.450598,SQL-Server,2025-12-01T00:39:48.005986+00:00,MySQL:order_items
524.0,2,b'2',1,749.99,0.05,1714563465.450598,SQL-Server,2025-12-01T00:39:48.005986+00:00,MySQL:order_items
524.0,3,b'9',1,2999.99,0.2,1714563465.450598,SQL-Server,2025-12-01T00:39:48.005986+00:00,MySQL:order_items
524.0,4,b'3',2,999.99,0.07,1714563465.450598,SQL-Server,2025-12-01T00:39:48.005986+00:00,MySQL:order_items
525.0,1,b'9',2,2999.99,0.07,1714563465.450598,SQL-Server,2025-12-01T00:39:48.005986+00:00,MySQL:order_items
525.0,2,b'6',2,469.99,0.07,1714563465.450598,SQL-Server,2025-12-01T00:39:48.005986+00:00,MySQL:order_items
526.0,1,b'3',2,999.99,0.1,1714563465.450598,SQL-Server,2025-12-01T00:39:48.005986+00:00,MySQL:order_items
526.0,2,b'8',1,1799.99,0.1,1714563465.450598,SQL-Server,2025-12-01T00:39:48.005986+00:00,MySQL:order_items
527.0,2,b'4',1,2899.99,0.2,1714563465.450598,SQL-Server,2025-12-01T00:39:48.005986+00:00,MySQL:order_items
527.0,4,b'9',2,2999.99,0.2,1714563465.450598,SQL-Server,2025-12-01T00:39:48.005986+00:00,MySQL:order_items
530.0,1,b'2',2,749.99,0.05,1714563465.450598,SQL-Server,2025-12-01T00:39:48.005986+00:00,MySQL:order_items
530.0,2,b'4',1,2899.99,0.07,1714563465.450598,SQL-Server,2025-12-01T00:39:48.005986+00:00,MySQL:order_items
530.0,3,b'6',2,469.99,0.2,1714563465.450598,SQL-Server,2025-12-01T00:39:48.005986+00:00,MySQL:order_items
531.0,1,b'6',1,469.99,0.2,1714563465.450598,SQL-Server,2025-12-01T00:39:48.005986+00:00,MySQL:order_items
533.0,1,b'4',1,2899.99,0.2,1714563465.450598,SQL-Server,2025-12-01T00:39:48.005986+00:00,MySQL:order_items
534.0,2,b'9',2,2999.99,0.05,1714563465.450598,SQL-Server,2025-12-01T00:39:48.005986+00:00,MySQL:order_items
534.0,3,b'2',1,749.99,0.07,1714563465.450598,SQL-Server,2025-12-01T00:39:48.005986+00:00,MySQL:order_items
536.0,2,b'2',1,749.99,0.1,1714563465.450598,SQL-Server,2025-12-01T00:39:48.005986+00:00,MySQL:order_items
538.0,1,b'2',2,749.99,0.2,1714563465.450598,SQL-Server,2025-12-01T00:39:48.005986+00:00,MySQL:order_items
539.0,1,b'9',2,2999.99,0.1,1714563465.450598,SQL-Server,2025-12-01T00:39:48.005986+00:00,MySQL:order_items
542.0,2,b'9',1,2999.99,0.1,1714563465.450598,SQL-Server,2025-12-01T00:39:48.005986+00:00,MySQL:order_items
545.0,2,b'6',1,469.99,0.07,1714563465.450598,SQL-Server,2025-12-01T00:39:48.005986+00:00,MySQL:order_items
546.0,2,b'8',1,1799.99,0.1,1714563465.450598,SQL-Server,2025-12-01T00:39:48.005986+00:00,MySQL:order_items
547.0,2,b'9',1,2999.99,0.2,1714563465.450598,SQL-Server,2025-12-01T00:39:48.005986+00:00,MySQL:order_items
547.0,3,b'5',1,1320.99,0.1,1714563465.450598,SQL-Server,2025-12-01T00:39:48.005986+00:00,MySQL:order_items
548.0,1,b'8',1,1799.99,0.1,1714563465.450598,SQL-Server,2025-12-01T00:39:48.005986+00:00,MySQL:order_items
549.0,3,b'3',1,999.99,0.07,1714563465.450598,SQL-Server,2025-12-01T00:39:48.005986+00:00,MySQL:order_items
549.0,4,b'7',1,3999.99,0.05,1714563465.450598,SQL-Server,2025-12-01T00:39:48.005986+00:00,MySQL:order_items
550.0,1,b'4',1,2899.99,0.05,1714563465.450598,SQL-Server,2025-12-01T00:39:48.005986+00:00,MySQL:order_items
552.0,2,b'2',1,749.99,0.2,1714563465.450598,SQL-Server,2025-12-01T00:39:48.005986+00:00,MySQL:order_items
554.0,1,b'3',2,999.99,0.07,1714563465.450598,SQL-Server,2025-12-01T00:39:48.005986+00:00,MySQL:order_items
554.0,3,b'4',2,2899.99,0.2,1714563465.450598,SQL-Server,2025-12-01T00:39:48.005986+00:00,MySQL:order_items
555.0,1,b'8',1,1799.99,0.2,1714563465.450598,SQL-Server,2025-12-01T00:39:48.005986+00:00,MySQL:order_items
555.0,2,b'7',1,3999.99,0.1,1714563465.450598,SQL-Server,2025-12-01T00:39:48.005986+00:00,MySQL:order_items
556.0,2,b'4',2,2899.99,0.2,1714563465.450598,SQL-Server,2025-12-01T00:39:48.005986+00:00,MySQL:order_items
557.0,1,b'9',2,2999.99,0.1,1714563465.450598,SQL-Server,2025-12-01T00:39:48.005986+00:00,MySQL:order_items
558.0,1,b'7',1,3999.99,0.07,1714563465.450598,SQL-Server,2025-12-01T00:39:48.005986+00:00,MySQL:order_items
558.0,3,b'9',1,2999.99,0.1,1714563465.450598,SQL-Server,2025-12-01T00:39:48.005986+00:00,MySQL:order_items
559.0,2,b'6',1,469.99,0.1,1714563465.450598,SQL-Server,2025-12-01T00:39:48.005986+00:00,MySQL:order_items
559.0,3,b'7',2,3999.99,0.07,1714563465.450598,SQL-Server,2025-12-01T00:39:48.005986+00:00,MySQL:order_items
561.0,3,b'5',1,1320.99,0.05,1714563465.450598,SQL-Server,2025-12-01T00:39:48.005986+00:00,MySQL:order_items
563.0,1,b'6',2,469.99,0.1,1714563465.450598,SQL-Server,2025-12-01T00:39:48.005986+00:00,MySQL:order_items
564.0,1,b'4',1,2899.99,0.2,1714563465.450598,SQL-Server,2025-12-01T00:39:48.005986+00:00,MySQL:order_items
565.0,3,b'9',1,2999.99,0.05,1714563465.450598,SQL-Server,2025-12-01T00:39:48.005986+00:00,MySQL:order_items
566.0,2,b'7',2,3999.99,0.2,1714563465.450598,SQL-Server,2025-12-01T00:39:48.005986+00:00,MySQL:order_items
566.0,3,b'8',1,1799.99,0.1,1714563465.450598,SQL-Server,2025-12-01T00:39:48.005986+00:00,MySQL:order_items
567.0,1,b'9',1,2999.99,0.2,1714563465.450598,SQL-Server,2025-12-01T00:39:48.005986+00:00,MySQL:order_items
567.0,2,b'5',1,1320.99,0.07,1714563465.450598,SQL-Server,2025-12-01T00:39:48.005986+00:00,MySQL:order_items
568.0,1,b'5',1,1320.99,0.05,1714563465.450598,SQL-Server,2025-12-01T00:39:48.005986+00:00,MySQL:order_items
570.0,3,b'3',2,999.99,0.2,1714563465.450598,SQL-Server,2025-12-01T00:39:48.005986+00:00,MySQL:order_items
571.0,1,b'4',1,2899.99,0.05,1714563465.450598,SQL-Server,2025-12-01T00:39:48.005986+00:00,MySQL:order_items
571.0,2,b'9',1,2999.99,0.1,1714563465.450598,SQL-Server,2025-12-01T00:39:48.005986+00:00,MySQL:order_items
572.0,1,b'3',1,999.99,0.05,1714563465.450598,SQL-Server,2025-12-01T00:39:48.005986+00:00,MySQL:order_items
573.0,1,b'2',1,749.99,0.2,1714563465.450598,SQL-Server,2025-12-01T00:39:48.005986+00:00,MySQL:order_items
575.0,1,b'4',2,2899.99,0.07,1714563465.450598,SQL-Server,2025-12-01T00:39:48.005986+00:00,MySQL:order_items
576.0,1,b'9',1,2999.99,0.1,1714563465.450598,SQL-Server,2025-12-01T00:39:48.005986+00:00,MySQL:order_items
577.0,1,b'3',2,999.99,0.2,1714563465.450598,SQL-Server,2025-12-01T00:39:48.005986+00:00,MySQL:order_items
578.0,4,b'8',2,1799.99,0.2,1714563465.450598,SQL-Server,2025-12-01T00:39:48.005986+00:00,MySQL:order_items
579.0,1,b'7',2,3999.99,0.05,1714563465.450598,SQL-Server,2025-12-01T00:39:48.005986+00:00,MySQL:order_items
579.0,2,b'6',1,469.99,0.2,1714563465.450598,SQL-Server,2025-12-01T00:39:48.005986+00:00,MySQL:order_items
580.0,4,b'9',2,2999.99,0.07,1714563465.450598,SQL-Server,2025-12-01T00:39:48.005986+00:00,MySQL:order_items
581.0,1,b'8',2,1799.99,0.07,1714563465.450598,SQL-Server,2025-12-01T00:39:48.005986+00:00,MySQL:order_items
584.0,5,b'8',2,1799.99,0.07,1714563465.450598,SQL-Server,2025-12-01T00:39:48.005986+00:00,MySQL:order_items
590.0,1,b'2',2,749.99,0.1,1714563465.450598,SQL-Server,2025-12-01T00:39:48.005986+00:00,MySQL:order_items
590.0,3,b'8',2,1799.99,0.05,1714563465.450598,SQL-Server,2025-12-01T00:39:48.005986+00:00,MySQL:order_items
590.0,4,b'5',2,1320.99,0.1,1714563465.450598,SQL-Server,2025-12-01T00:39:48.005986+00:00,MySQL:order_items
591.0,3,b'2',2,749.99,0.1,1714563465.450598,SQL-Server,2025-12-01T00:39:48.005986+00:00,MySQL:order_items
593.0,1,b'3',2,999.99,0.1,1714563465.450598,SQL-Server,2025-12-01T00:39:48.005986+00:00,MySQL:order_items
595.0,1,b'4',1,2899.99,0.07,1714563465.450598,SQL-Server,2025-12-01T00:39:48.005986+00:00,MySQL:order_items
595.0,3,b'3',1,999.99,0.07,1714563465.450598,SQL-Server,2025-12-01T00:39:48.005986+00:00,MySQL:order_items
596.0,1,b'5',1,1320.99,0.05,1714563465.450598,SQL-Server,2025-12-01T00:39:48.005986+00:00,MySQL:order_items
596.0,3,b'9',1,2999.99,0.05,1714563465.450598,SQL-Server,2025-12-01T00:39:48.005986+00:00,MySQL:order_items
597.0,2,b'8',1,1799.99,0.07,1714563465.450598,SQL-Server,2025-12-01T00:39:48.005986+00:00,MySQL:order_items
598.0,1,b'4',2,2899.99,0.05,1714563465.450598,SQL-Server,2025-12-01T00:39:48.005986+00:00,MySQL:order_items
599.0,1,b'9',2,2999.99,0.05,1714563465.450598,SQL-Server,2025-12-01T00:39:48.005986+00:00,MySQL:order_items
600.0,2,b'4',1,2899.99,0.2,1714563465.450598,SQL-Server,2025-12-01T00:39:48.005986+00:00,MySQL:order_items
602.0,2,b'5',2,1320.99,0.07,1714563465.450598,SQL-Server,2025-12-01T00:39:48.005986+00:00,MySQL:order_items
603.0,2,b'4',1,2899.99,0.1,1714563465.450598,SQL-Server,2025-12-01T00:39:48.005986+00:00,MySQL:order_items
604.0,2,b'9',2,2999.99,0.2,1714563465.450598,SQL-Server,2025-12-01T00:39:48.005986+00:00,MySQL:order_items
606.0,1,b'6',2,469.99,0.2,1714563465.450598,SQL-Server,2025-12-01T00:39:48.005986+00:00,MySQL:order_items
608.0,1,b'4',2,2899.99,0.2,1714563465.450598,SQL-Server,2025-12-01T00:39:48.005986+00:00,MySQL:order_items
608.0,2,b'7',2,3999.99,0.1,1714563465.450598,SQL-Server,2025-12-01T00:39:48.005986+00:00,MySQL:order_items
609.0,2,b'7',1,3999.99,0.1,1714563465.450598,SQL-Server,2025-12-01T00:39:48.005986+00:00,MySQL:order_items
609.0,4,b'5',1,1320.99,0.1,1714563465.450598,SQL-Server,2025-12-01T00:39:48.005986+00:00,MySQL:order_items
610.0,4,b'3',1,999.99,0.07,1714563465.450598,SQL-Server,2025-12-01T00:39:48.005986+00:00,MySQL:order_items
610.0,5,b'8',1,1799.99,0.1,1714563465.450598,SQL-Server,2025-12-01T00:39:48.005986+00:00,MySQL:order_items
613.0,1,b'9',2,2999.99,0.1,1714563465.450598,SQL-Server,2025-12-01T00:39:48.005986+00:00,MySQL:order_items
615.0,3,b'6',2,469.99,0.1,1714563465.450598,SQL-Server,2025-12-01T00:39:48.005986+00:00,MySQL:order_items
620.0,1,b'5',2,1320.99,0.2,1714563465.450598,SQL-Server,2025-12-01T00:39:48.005986+00:00,MySQL:order_items
622.0,1,b'9',2,2999.99,0.07,1714563465.450598,SQL-Server,2025-12-01T00:39:48.005986+00:00,MySQL:order_items
623.0,1,b'8',1,1799.99,0.07,1714563465.450598,SQL-Server,2025-12-01T00:39:48.005986+00:00,MySQL:order_items
627.0,2,b'9',2,2999.99,0.2,1714563465.450598,SQL-Server,2025-12-01T00:39:48.005986+00:00,MySQL:order_items
629.0,2,b'5',2,1320.99,0.05,1714563465.450598,SQL-Server,2025-12-01T00:39:48.005986+00:00,MySQL:order_items
629.0,5,b'6',2,469.99,0.1,1714563465.450598,SQL-Server,2025-12-01T00:39:48.005986+00:00,MySQL:order_items
630.0,1,b'5',1,1320.99,0.05,1714563465.450598,SQL-Server,2025-12-01T00:39:48.005986+00:00,MySQL:order_items
632.0,4,b'6',1,469.99,0.05,1714563465.450598,SQL-Server,2025-12-01T00:39:48.005986+00:00,MySQL:order_items
633.0,3,b'5',2,1320.99,0.2,1714563465.450598,SQL-Server,2025-12-01T00:39:48.005986+00:00,MySQL:order_items
634.0,1,b'4',2,2899.99,0.05,1714563465.450598,SQL-Server,2025-12-01T00:39:48.005986+00:00,MySQL:order_items
635.0,1,b'4',1,2899.99,0.05,1714563465.450598,SQL-Server,2025-12-01T00:39:48.005986+00:00,MySQL:order_items
637.0,1,b'9',1,2999.99,0.1,1714563465.450598,SQL-Server,2025-12-01T00:39:48.005986+00:00,MySQL:order_items
644.0,1,b'9',1,2999.99,0.07,1714563465.450598,SQL-Server,2025-12-01T00:39:48.005986+00:00,MySQL:order_items
645.0,3,b'6',1,469.99,0.05,1714563465.450598,SQL-Server,2025-12-01T00:39:48.005986+00:00,MySQL:order_items
646.0,2,b'4',1,2899.99,0.07,1714563465.450598,SQL-Server,2025-12-01T00:39:48.005986+00:00,MySQL:order_items
650.0,1,b'3',1,999.99,0.2,1714563465.450598,SQL-Server,2025-12-01T00:39:48.005986+00:00,MySQL:order_items
653.0,1,b'6',1,469.99,0.07,1714563465.450598,SQL-Server,2025-12-01T00:39:48.005986+00:00,MySQL:order_items
653.0,3,b'2',2,749.99,0.1,1714563465.450598,SQL-Server,2025-12-01T00:39:48.005986+00:00,MySQL:order_items
654.0,1,b'9',1,2999.99,0.1,1714563465.450598,SQL-Server,2025-12-01T00:39:48.005986+00:00,MySQL:order_items
658.0,3,b'9',1,2999.99,0.05,1714563465.450598,SQL-Server,2025-12-01T00:39:48.005986+00:00,MySQL:order_items
664.0,2,b'5',1,1320.99,0.07,1714563465.450598,SQL-Server,2025-12-01T00:39:48.005986+00:00,MySQL:order_items
667.0,3,b'3',1,999.99,0.2,1714563465.450598,SQL-Server,2025-12-01T00:39:48.005986+00:00,MySQL:order_items
671.0,4,b'4',1,2899.99,0.07,1714563465.450598,SQL-Server,2025-12-01T00:39:48.005986+00:00,MySQL:order_items
673.0,3,b'5',1,1320.99,0.07,1714563465.450598,SQL-Server,2025-12-01T00:39:48.005986+00:00,MySQL:order_items
677.0,2,b'7',2,3999.99,0.07,1714563465.450598,SQL-Server,2025-12-01T00:39:48.005986+00:00,MySQL:order_items
680.0,2,b'7',1,3999.99,0.2,1714563465.450598,SQL-Server,2025-12-01T00:39:48.005986+00:00,MySQL:order_items
681.0,4,b'6',2,469.99,0.05,1714563465.450598,SQL-Server,2025-12-01T00:39:48.005986+00:00,MySQL:order_items
683.0,1,b'2',2,749.99,0.1,1714563465.450598,SQL-Server,2025-12-01T00:39:48.005986+00:00,MySQL:order_items
687.0,3,b'5',2,1320.99,0.2,1714563465.450598,SQL-Server,2025-12-01T00:39:48.005986+00:00,MySQL:order_items
688.0,1,b'8',1,1799.99,0.1,1714563465.450598,SQL-Server,2025-12-01T00:39:48.005986+00:00,MySQL:order_items
691.0,2,b'5',2,1320.99,0.1,1714563465.450598,SQL-Server,2025-12-01T00:39:48.005986+00:00,MySQL:order_items
693.0,3,b'5',2,1320.99,0.05,1714563465.450598,SQL-Server,2025-12-01T00:39:48.005986+00:00,MySQL:order_items
696.0,2,b'7',1,3999.99,0.1,1714563465.450598,SQL-Server,2025-12-01T00:39:48.005986+00:00,MySQL:order_items
697.0,1,b'5',2,1320.99,0.05,1714563465.450598,SQL-Server,2025-12-01T00:39:48.005986+00:00,MySQL:order_items
700.0,1,b'7',2,3999.99,0.05,1714563465.450598,SQL-Server,2025-12-01T00:39:48.005986+00:00,MySQL:order_items
702.0,3,b'3',2,999.99,0.07,1714563465.450598,SQL-Server,2025-12-01T00:39:48.005986+00:00,MySQL:order_items
703.0,4,b'4',2,2899.99,0.2,1714563465.450598,SQL-Server,2025-12-01T00:39:48.005986+00:00,MySQL:order_items
708.0,1,b'6',1,469.99,0.07,1714563465.450598,SQL-Server,2025-12-01T00:39:48.005986+00:00,MySQL:order_items
711.0,1,b'5',2,1320.99,0.05,1714563465.450598,SQL-Server,2025-12-01T00:39:48.005986+00:00,MySQL:order_items
712.0,5,b'4',2,2899.99,0.05,1714563465.450598,SQL-Server,2025-12-01T00:39:48.005986+00:00,MySQL:order_items
716.0,4,b'4',2,2899.99,0.05,1714563465.450598,SQL-Server,2025-12-01T00:39:48.005986+00:00,MySQL:order_items
720.0,2,b'6',1,469.99,0.1,1714563465.450598,SQL-Server,2025-12-01T00:39:48.005986+00:00,MySQL:order_items
722.0,2,b'3',1,999.99,0.05,1714563465.450598,SQL-Server,2025-12-01T00:39:48.005986+00:00,MySQL:order_items
732.0,2,b'4',2,2899.99,0.07,1714563465.450598,SQL-Server,2025-12-01T00:39:48.005986+00:00,MySQL:order_items
734.0,2,b'3',1,999.99,0.05,1714563465.450598,SQL-Server,2025-12-01T00:39:48.005986+00:00,MySQL:order_items
739.0,1,b'3',1,999.99,0.2,1714563465.450598,SQL-Server,2025-12-01T00:39:48.005986+00:00,MySQL:order_items
749.0,1,b'9',1,2999.99,0.2,1714563465.450598,SQL-Server,2025-12-01T00:39:48.005986+00:00,MySQL:order_items
753.0,2,b'7',2,3999.99,0.2,1714563465.450598,SQL-Server,2025-12-01T00:39:48.005986+00:00,MySQL:order_items
754.0,3,b'3',1,999.99,0.05,1714563465.450598,SQL-Server,2025-12-01T00:39:48.005986+00:00,MySQL:order_items
754.0,5,b'7',1,3999.99,0.2,1714563465.450598,SQL-Server,2025-12-01T00:39:48.005986+00:00,MySQL:order_items
769.0,1,b'8',1,1799.99,0.1,1714563465.450598,SQL-Server,2025-12-01T00:39:48.005986+00:00,MySQL:order_items
769.0,2,b'6',2,469.99,0.05,1714563465.450598,SQL-Server,2025-12-01T00:39:48.005986+00:00,MySQL:order_items
777.0,1,b'5',1,1320.99,0.2,1714563465.450598,SQL-Server,2025-12-01T00:39:48.005986+00:00,MySQL:order_items
777.0,2,b'7',2,3999.99,0.2,1714563465.450598,SQL-Server,2025-12-01T00:39:48.005986+00:00,MySQL:order_items
777.0,3,b'2',1,749.99,0.2,1714563465.450598,SQL-Server,2025-12-01T00:39:48.005986+00:00,MySQL:order_items
779.0,4,b'8',1,1799.99,0.2,1714563465.450598,SQL-Server,2025-12-01T00:39:48.005986+00:00,MySQL:order_items
781.0,2,b'7',2,3999.99,0.2,1714563465.450598,SQL-Server,2025-12-01T00:39:48.005986+00:00,MySQL:order_items
792.0,5,b'2',1,749.99,0.2,1714563465.450598,SQL-Server,2025-12-01T00:39:48.005986+00:00,MySQL:order_items
796.0,1,b'6',2,469.99,0.2,1714563465.450598,SQL-Server,2025-12-01T00:39:48.005986+00:00,MySQL:order_items
799.0,1,b'5',2,1320.99,0.1,1714563465.450598,SQL-Server,2025-12-01T00:39:48.005986+00:00,MySQL:order_items
800.0,3,b'6',2,469.99,0.05,1714563465.450598,SQL-Server,2025-12-01T00:39:48.005986+00:00,MySQL:order_items
805.0,5,b'6',2,469.99,0.05,1714563465.450598,SQL-Server,2025-12-01T00:39:48.005986+00:00,MySQL:order_items
807.0,2,b'6',1,469.99,0.07,1714563465.450598,SQL-Server,2025-12-01T00:39:48.005986+00:00,MySQL:order_items
807.0,3,b'3',2,999.99,0.07,1714563465.450598,SQL-Server,2025-12-01T00:39:48.005986+00:00,MySQL:order_items
807.0,4,b'9',2,2999.99,0.2,1714563465.450598,SQL-Server,2025-12-01T00:39:48.005986+00:00,MySQL:order_items
821.0,3,b'6',1,469.99,0.2,1714563465.450598,SQL-Server,2025-12-01T00:39:48.005986+00:00,MySQL:order_items
835.0,3,b'2',1,749.99,0.05,1714563465.450598,SQL-Server,2025-12-01T00:39:48.005986+00:00,MySQL:order_items
841.0,2,b'9',1,2999.99,0.2,1714563465.450598,SQL-Server,2025-12-01T00:39:48.005986+00:00,MySQL:order_items
850.0,2,b'5',2,1320.99,0.07,1714563465.450598,SQL-Server,2025-12-01T00:39:48.005986+00:00,MySQL:order_items
853.0,5,b'6',1,469.99,0.05,1714563465.450598,SQL-Server,2025-12-01T00:39:48.005986+00:00,MySQL:order_items
858.0,2,b'5',1,1320.99,0.2,1714563465.450598,SQL-Server,2025-12-01T00:39:48.005986+00:00,MySQL:order_items
860.0,1,b'6',1,469.99,0.05,1714563465.450598,SQL-Server,2025-12-01T00:39:48.005986+00:00,MySQL:order_items
869.0,1,b'7',1,3999.99,0.2,1714563465.450598,SQL-Server,2025-12-01T00:39:48.005986+00:00,MySQL:order_items
875.0,1,b'5',2,1320.99,0.1,1714563465.450598,SQL-Server,2025-12-01T00:39:48.005986+00:00,MySQL:order_items
878.0,3,b'6',2,469.99,0.2,1714563465.450598,SQL-Server,2025-12-01T00:39:48.005986+00:00,MySQL:order_items
879.0,2,b'2',2,749.99,0.07,1714563465.450598,SQL-Server,2025-12-01T00:39:48.005986+00:00,MySQL:order_items
880.0,3,b'5',1,1320.99,0.07,1714563465.450598,SQL-Server,2025-12-01T00:39:48.005986+00:00,MySQL:order_items
883.0,2,b'5',2,1320.99,0.05,1714563465.450598,SQL-Server,2025-12-01T00:39:48.005986+00:00,MySQL:order_items
892.0,2,b'9',2,2999.99,0.2,1714563465.450598,SQL-Server,2025-12-01T00:39:48.005986+00:00,MySQL:order_items
899.0,3,b'6',1,469.99,0.2,1714563465.450598,SQL-Server,2025-12-01T00:39:48.005986+00:00,MySQL:order_items
909.0,1,b'5',1,1320.99,0.2,1714563465.450598,SQL-Server,2025-12-01T00:39:48.005986+00:00,MySQL:order_items
912.0,4,b'2',2,749.99,0.2,1714563465.450598,SQL-Server,2025-12-01T00:39:48.005986+00:00,MySQL:order_items
915.0,4,b'2',1,749.99,0.07,1714563465.450598,SQL-Server,2025-12-01T00:39:48.005986+00:00,MySQL:order_items
918.0,3,b'4',2,2899.99,0.07,1714563465.450598,SQL-Server,2025-12-01T00:39:48.005986+00:00,MySQL:order_items
919.0,1,b'7',1,3999.99,0.07,1714563465.450598,SQL-Server,2025-12-01T00:39:48.005986+00:00,MySQL:order_items
923.0,2,b'6',1,469.99,0.1,1714563465.450598,SQL-Server,2025-12-01T00:39:48.005986+00:00,MySQL:order_items
927.0,4,b'3',1,999.99,0.1,1714563465.450598,SQL-Server,2025-12-01T00:39:48.005986+00:00,MySQL:order_items
935.0,3,b'6',1,469.99,0.07,1714563465.450598,SQL-Server,2025-12-01T00:39:48.005986+00:00,MySQL:order_items
938.0,1,b'4',1,2899.99,0.05,1714563465.450598,SQL-Server,2025-12-01T00:39:48.005986+00:00,MySQL:order_items
939.0,1,b'5',1,1320.99,0.1,1714563465.450598,SQL-Server,2025-12-01T00:39:48.005986+00:00,MySQL:order_items
946.0,1,b'7',1,3999.99,0.1,1714563465.450598,SQL-Server,2025-12-01T00:39:48.005986+00:00,MySQL:order_items
946.0,1,b'7',1,3999.99,0.1,1714563465.450598,SQL-Server,2025-12-01T00:39:48.005986+00:00,MySQL:order_items
949.0,1,b'9',2,2999.99,0.1,1714563465.450598,SQL-Server,2025-12-01T00:39:48.005986+00:00,MySQL:order_items
954.0,1,b'4',2,2899.99,0.1,1714563465.450598,SQL-Server,2025-12-01T00:39:48.005986+00:00,MySQL:order_items
963.0,1,b'4',1,2899.99,0.07,1714563465.450598,SQL-Server,2025-12-01T00:39:48.005986+00:00,MySQL:order_items
971.0,3,b'8',2,1799.99,0.05,1714563465.450598,SQL-Server,2025-12-01T00:39:48.005986+00:00,MySQL:order_items
973.0,1,b'4',2,2899.99,0.1,1714563465.450598,SQL-Server,2025-12-01T00:39:48.005986+00:00,MySQL:order_items
980.0,2,b'9',1,2999.99,0.1,1714563465.450598,SQL-Server,2025-12-01T00:39:48.005986+00:00,MySQL:order_items
985.0,1,b'5',2,1320.99,0.07,1714563465.450598,SQL-Server,2025-12-01T00:39:48.005986+00:00,MySQL:order_items
989.0,5,b'5',1,1320.99,0.1,1714563465.450598,SQL-Server,2025-12-01T00:39:48.005986+00:00,MySQL:order_items
990.0,1,b'6',2,469.99,0.2,1714563465.450598,SQL-Server,2025-12-01T00:39:48.005986+00:00,MySQL:order_items
991.0,1,b'9',2,2999.99,0.2,1714563465.450598,SQL-Server,2025-12-01T00:39:48.005986+00:00,MySQL:order_items
992.0,5,b'7',1,3999.99,0.05,1714563465.450598,SQL-Server,2025-12-01T00:39:48.005986+00:00,MySQL:order_items
1002.0,3,b'8',2,1799.99,0.1,1714563465.450598,SQL-Server,2025-12-01T00:39:48.005986+00:00,MySQL:order_items
1008.0,2,b'2',1,749.99,0.1,1714563465.450598,SQL-Server,2025-12-01T00:39:48.005986+00:00,MySQL:order_items
1012.0,1,b'8',1,1799.99,0.07,1714563465.450598,SQL-Server,2025-12-01T00:39:48.005986+00:00,MySQL:order_items
1015.0,1,b'6',2,469.99,0.1,1714563465.450598,SQL-Server,2025-12-01T00:39:48.005986+00:00,MySQL:order_items
1022.0,4,b'5',1,1320.99,0.07,1714563465.450598,SQL-Server,2025-12-01T00:39:48.005986+00:00,MySQL:order_items
1026.0,1,b'7',2,3999.99,0.07,1714563465.450598,SQL-Server,2025-12-01T00:39:48.005986+00:00,MySQL:order_items
1034.0,2,b'8',2,1799.99,0.1,1714563465.450598,SQL-Server,2025-12-01T00:39:48.005986+00:00,MySQL:order_items
1037.0,2,b'3',1,999.99,0.07,1714563465.450598,SQL-Server,2025-12-01T00:39:48.005986+00:00,MySQL:order_items
1038.0,2,b'9',1,2999.99,0.07,1714563465.450598,SQL-Server,2025-12-01T00:39:48.005986+00:00,MySQL:order_items
1040.0,5,b'8',2,1799.99,0.05,1714563465.450598,SQL-Server,2025-12-01T00:39:48.005986+00:00,MySQL:order_items
1048.0,1,b'3',2,999.99,0.1,1714563465.450598,SQL-Server,2025-12-01T00:39:48.005986+00:00,MySQL:order_items
1049.0,1,b'9',1,2999.99,0.1,1714563465.450598,SQL-Server,2025-12-01T00:39:48.005986+00:00,MySQL:order_items
1049.0,3,b'3',1,999.99,0.1,1714563465.450598,SQL-Server,2025-12-01T00:39:48.005986+00:00,MySQL:order_items
1052.0,1,b'7',1,3999.99,0.05,1714563465.450598,SQL-Server,2025-12-01T00:39:48.005986+00:00,MySQL:order_items
1056.0,1,b'3',1,999.99,0.05,1714563465.450598,SQL-Server,2025-12-01T00:39:48.005986+00:00,MySQL:order_items
1059.0,2,b'7',1,3999.99,0.1,1714563465.450598,SQL-Server,2025-12-01T00:39:48.005986+00:00,MySQL:order_items
1060.0,1,b'7',1,3999.99,0.07,1714563465.450598,SQL-Server,2025-12-01T00:39:48.005986+00:00,MySQL:order_items
1062.0,3,b'5',1,1320.99,0.05,1714563465.450598,SQL-Server,2025-12-01T00:39:48.005986+00:00,MySQL:order_items
1067.0,2,b'9',2,2999.99,0.2,1714563465.450598,SQL-Server,2025-12-01T00:39:48.005986+00:00,MySQL:order_items
1067.0,4,b'6',2,469.99,0.2,1714563465.450598,SQL-Server,2025-12-01T00:39:48.005986+00:00,MySQL:order_items
1086.0,5,b'5',1,1320.99,0.2,1714563465.450598,SQL-Server,2025-12-01T00:39:48.005986+00:00,MySQL:order_items
1092.0,3,b'2',2,749.99,0.1,1714563465.450598,SQL-Server,2025-12-01T00:39:48.005986+00:00,MySQL:order_items
1095.0,2,b'3',2,999.99,0.2,1714563465.450598,SQL-Server,2025-12-01T00:39:48.005986+00:00,MySQL:order_items
1100.0,2,b'9',2,2999.99,0.1,1714563465.450598,SQL-Server,2025-12-01T00:39:48.005986+00:00,MySQL:order_items
1112.0,3,b'5',2,1320.99,0.1,1714563465.450598,SQL-Server,2025-12-01T00:39:48.005986+00:00,MySQL:order_items
1112.0,5,b'9',2,2999.99,0.1,1714563465.450598,SQL-Server,2025-12-01T00:39:48.005986+00:00,MySQL:order_items
1122.0,1,b'9',2,2999.99,0.07,1714563465.450598,SQL-Server,2025-12-01T00:39:48.005986+00:00,MySQL:order_items
1124.0,1,b'7',2,3999.99,0.1,1714563465.450598,SQL-Server,2025-12-01T00:39:48.005986+00:00,MySQL:order_items
1124.0,2,b'6',1,469.99,0.1,1714563465.450598,SQL-Server,2025-12-01T00:39:48.005986+00:00,MySQL:order_items
1124.0,5,b'2',2,749.99,0.05,1714563465.450598,SQL-Server,2025-12-01T00:39:48.005986+00:00,MySQL:order_items
1133.0,1,b'4',2,2899.99,0.05,1714563465.450598,SQL-Server,2025-12-01T00:39:48.005986+00:00,MySQL:order_items
1139.0,5,b'7',1,3999.99,0.1,1714563465.450598,SQL-Server,2025-12-01T00:39:48.005986+00:00,MySQL:order_items
1141.0,1,b'8',1,1799.99,0.1,1714563465.450598,SQL-Server,2025-12-01T00:39:48.005986+00:00,MySQL:order_items
1153.0,2,b'6',2,469.99,0.05,1714563465.450598,SQL-Server,2025-12-01T00:39:48.005986+00:00,MySQL:order_items
1155.0,2,b'6',2,469.99,0.1,1714563465.450598,SQL-Server,2025-12-01T00:39:48.005986+00:00,MySQL:order_items
1160.0,2,b'9',1,2999.99,0.2,1714563465.450598,SQL-Server,2025-12-01T00:39:48.005986+00:00,MySQL:order_items
1164.0,1,b'8',1,1799.99,0.2,1714563465.450598,SQL-Server,2025-12-01T00:39:48.005986+00:00,MySQL:order_items
1174.0,2,b'6',1,469.99,0.07,1714563465.450598,SQL-Server,2025-12-01T00:39:48.005986+00:00,MySQL:order_items
1175.0,4,b'3',1,999.99,0.05,1714563465.450598,SQL-Server,2025-12-01T00:39:48.005986+00:00,MySQL:order_items
1175.0,5,b'9',1,2999.99,0.05,1714563465.450598,SQL-Server,2025-12-01T00:39:48.005986+00:00,MySQL:order_items
1183.0,3,b'6',2,469.99,0.05,1714563465.450598,SQL-Server,2025-12-01T00:39:48.005986+00:00,MySQL:order_items
1187.0,3,b'4',1,2899.99,0.1,1714563465.450598,SQL-Server,2025-12-01T00:39:48.005986+00:00,MySQL:order_items
1194.0,2,b'7',2,3999.99,0.07,1714563465.450598,SQL-Server,2025-12-01T00:39:48.005986+00:00,MySQL:order_items
1197.0,3,b'9',2,2999.99,0.05,1714563465.450598,SQL-Server,2025-12-01T00:39:48.005986+00:00,MySQL:order_items
1203.0,1,b'6',2,469.99,0.07,1714563465.450598,SQL-Server,2025-12-01T00:39:48.005986+00:00,MySQL:order_items
1210.0,2,b'6',2,46999.0,0.07,1714563465.450598,SQL-Server,2025-12-01T00:39:48.005986+00:00,MySQL:order_items
1214.0,1,b'9',2,2999.99,0.05,1714563465.450598,SQL-Server,2025-12-01T00:39:48.005986+00:00,MySQL:order_items
1214.0,2,b'7',1,3999.99,0.2,1714563465.450598,SQL-Server,2025-12-01T00:39:48.005986+00:00,MySQL:order_items
1225.0,3,b'6',2,469.99,0.1,1714563465.450598,SQL-Server,2025-12-01T00:39:48.005986+00:00,MySQL:order_items
1227.0,4,b'8',1,1799.99,0.07,1714563465.450598,SQL-Server,2025-12-01T00:39:48.005986+00:00,MySQL:order_items
1232.0,1,b'4',2,2899.99,0.07,1714563465.450598,SQL-Server,2025-12-01T00:39:48.005986+00:00,MySQL:order_items
1232.0,3,b'6',2,469.99,0.2,1714563465.450598,SQL-Server,2025-12-01T00:39:48.005986+00:00,MySQL:order_items
1235.0,1,b'7',1,3999.99,0.1,1714563465.450598,SQL-Server,2025-12-01T00:39:48.005986+00:00,MySQL:order_items
1250.0,4,b'6',2,469.99,0.1,1714563465.450598,SQL-Server,2025-12-01T00:39:48.005986+00:00,MySQL:order_items
1251.0,3,b'7',1,3999.99,0.07,1714563465.450598,SQL-Server,2025-12-01T00:39:48.005986+00:00,MySQL:order_items
1257.0,5,b'4',1,2899.99,0.1,1714563465.450598,SQL-Server,2025-12-01T00:39:48.005986+00:00,MySQL:order_items
1260.0,1,b'8',1,1799.99,0.1,1714563465.450598,SQL-Server,2025-12-01T00:39:48.005986+00:00,MySQL:order_items
1269.0,1,b'4',2,2899.99,0.2,1714563465.450598,SQL-Server,2025-12-01T00:39:48.005986+00:00,MySQL:order_items
1269.0,2,b'7',1,3999.99,0.2,1714563465.450598,SQL-Server,2025-12-01T00:39:48.005986+00:00,MySQL:order_items
1277.0,3,b'9',2,2999.99,0.1,1714563465.450598,SQL-Server,2025-12-01T00:39:48.005986+00:00,MySQL:order_items
1277.0,4,b'4',1,2899.99,0.1,1714563465.450598,SQL-Server,2025-12-01T00:39:48.005986+00:00,MySQL:order_items
1279.0,1,b'9',2,2999.99,0.05,1714563465.450598,SQL-Server,2025-12-01T00:39:48.005986+00:00,MySQL:order_items
1283.0,3,b'7',1,3999.99,0.1,1714563465.450598,SQL-Server,2025-12-01T00:39:48.005986+00:00,MySQL:order_items
1284.0,2,b'8',1,1799.99,0.05,1714563465.450598,SQL-Server,2025-12-01T00:39:48.005986+00:00,MySQL:order_items
1284.0,3,b'4',2,2899.99,0.05,1714563465.450598,SQL-Server,2025-12-01T00:39:48.005986+00:00,MySQL:order_items
1285.0,4,b'6',1,469.99,0.1,1714563465.450598,SQL-Server,2025-12-01T00:39:48.005986+00:00,MySQL:order_items
1289.0,2,b'3',1,999.99,0.1,1714563465.450598,SQL-Server,2025-12-01T00:39:48.005986+00:00,MySQL:order_items
1295.0,1,b'5',2,1320.99,0.2,1714563465.450598,SQL-Server,2025-12-01T00:39:48.005986+00:00,MySQL:order_items
1296.0,4,b'2',2,749.99,0.1,1714563465.450598,SQL-Server,2025-12-01T00:39:48.005986+00:00,MySQL:order_items
1301.0,3,b'8',1,1799.99,0.2,1714563465.450598,SQL-Server,2025-12-01T00:39:48.005986+00:00,MySQL:order_items
1305.0,2,b'9',1,2999.99,0.07,1714563465.450598,SQL-Server,2025-12-01T00:39:48.005986+00:00,MySQL:order_items
1306.0,5,b'9',2,2999.99,0.07,1714563465.450598,SQL-Server,2025-12-01T00:39:48.005986+00:00,MySQL:order_items
1324.0,4,b'3',1,999.99,0.2,1714563465.450598,SQL-Server,2025-12-01T00:39:48.005986+00:00,MySQL:order_items
1344.0,3,b'3',1,999.99,0.07,1714563465.450598,SQL-Server,2025-12-01T00:39:48.005986+00:00,MySQL:order_items
1345.0,4,b'2',2,749.99,0.2,1714563465.450598,SQL-Server,2025-12-01T00:39:48.005986+00:00,MySQL:order_items
1362.0,3,b'4',2,2899.99,0.2,1714563465.450598,SQL-Server,2025-12-01T00:39:48.005986+00:00,MySQL:order_items
1370.0,1,b'7',1,3999.99,0.07,1714563465.450598,SQL-Server,2025-12-01T00:39:48.005986+00:00,MySQL:order_items
1371.0,2,b'8',2,1799.99,0.2,1714563465.450598,SQL-Server,2025-12-01T00:39:48.005986+00:00,MySQL:order_items
1376.0,1,b'5',1,1320.99,0.07,1714563465.450598,SQL-Server,2025-12-01T00:39:48.005986+00:00,MySQL:order_items
1378.0,3,b'2',2,749.99,0.2,1714563465.450598,SQL-Server,2025-12-01T00:39:48.005986+00:00,MySQL:order_items
1397.0,3,b'7',1,3999.99,0.05,1714563465.450598,SQL-Server,2025-12-01T00:39:48.005986+00:00,MySQL:order_items
1411.0,1,b'9',1,2999.99,0.1,1714563465.450598,SQL-Server,2025-12-01T00:39:48.005986+00:00,MySQL:order_items
1441.0,1,b'6',1,469.99,0.05,1714563465.450598,SQL-Server,2025-12-01T00:39:48.005986+00:00,MySQL:order_items
1460.0,4,b'7',2,3999.99,0.07,1714563465.450598,SQL-Server,2025-12-01T00:39:48.005986+00:00,MySQL:order_items
1499.0,4,b'2',1,749.99,0.05,1714563465.450598,SQL-Server,2025-12-01T00:39:48.005986+00:00,MySQL:order_items
1539.0,1,b'6',2,469.99,0.05,1714563465.450598,SQL-Server,2025-12-01T00:39:48.005986+00:00,MySQL:order_items
1558.0,3,b'4',1,2899.99,0.05,1714563465.450598,SQL-Server,2025-12-01T00:39:48.005986+00:00,MySQL:order_items
1573.0,1,b'9',1,2999.99,0.05,1714563465.450598,SQL-Server,2025-12-01T00:39:48.005986+00:00,MySQL:order_items
1592.0,4,b'9',1,2999.99,0.2,1714563465.450598,SQL-Server,2025-12-01T00:39:48.005986+00:00,MySQL:order_items
1601.0,4,b'7',2,3999.99,0.07,1714563465.450598,SQL-Server,2025-12-01T00:39:48.005986+00:00,MySQL:order_items
